,,,,,,,ちとりつか_寛政2年(1790),松のしるし_寛政4年(1792),笠塚百回忌_寛政5年(1793),麻刈集_寛政5年(1793),みちのかけ_寛政5年(1793),花つか集_寛政5年(1793),この供養_寛政5年(1793),たまかつら_寛政7年(1795),橋日記_寛政10年(1798),寛政守武祠句集_寛政11年(1799),花鳥楽事_寛政11年(1799),萩の露_寛政12年(1800),雪月文事_文化元年(1803),無量佛_文化4年(1807),はつそら_文化4年(1807),梅花帖_文化5年(1808),霜のかね_文化5年(1808),蘿蔓集_文化5年(1808),蓑虫集_文化5年(1808),楫枕_文化6年(1809),白蓮華_文化7年(1810),蓼廻穂_文化7年(1810),小殿原_文化7年(1810),藁つと_文化7年(1810),歳晩集_文化8年(1811),侘草紙_文化9年(1812),としのやと_文化9年(1812),煎豆集_文化9年(1812),ひしのはな_文化9年(1812),鶯囀梅_文化10年(1813),桃桜_文化10年(1813),しまめぐり_文化10年(1813),花おし_文化10年(1813),文音録_文化11年(1814),秋の調_文化11年(1814),すしかひ_文化11年(1814),いたびさし_文化11年(1814),花御師_文化12年(1815),竜の登_文化13年(1816),たかむしろ_文政元年(1818),あとのともし_文政元年(1818),むかしいま_文政2年(1819),はつね集_文政2年(1819),伊農太傳_文政4年(1821),見なれし_文政4年(1821),枇杷の実_文政7年(1824),五百機集_文政8年(1825),蘆の一もと_文政10年(1827),十かへり_文政10年(1827),その葉さへ_文政10年(1827),花済集_文政10年(1827),楽しみ草_文政12年(1829),湯のかたみ_文政13年(1830),和漢俳諧集_文政13年(1830),鶴のかしら_文政年間,諸国人名録_文政年間,ことはくつ_文化文政年間,はつ夢_文化文政年間,ひとつ鷺_天保9年(1838),大鶴庵卯選集_年代不詳,椎芝集_年代不詳,句集登場回数
素竹,,,,,,,,,〇,,,,,,,,,,,,,,,,,,,,,,,,,,,,,,,,,,,,,,,,,,,,,,,,,,,,,,,,,,,0
桃生,岡崎(岡崎市),,,,,,,,,〇,,,,〇,,,,,,,,,,,,,,,,,,,,,,,,,,,,,,,,,,,,,,,,,,,,,,,,,,,,,,1
圃来,岡崎(岡崎市),,,,,,,,,〇,,,,〇,,,,,,,,,,,,,,,,,,,,,,,,,,,,,,,,,,,,,,,,,,,,,,,,,,,,,,1
木朶,魚町(豊橋市),古市木朶,宿屋,宿屋,文化7年(84),,〇,〇,〇,,〇,〇,,,,,,〇,,,,,〇,,,,,〇,,,,,,,,,,,,,,,,,,,,,,,,,,,,,,,,,,,,,,,,3
変雪,吉田(豊橋市),,,,,,,,,,,,,,,〇,,,,,,,,,,,,,,,,,,,,,,,,,,,,,,,,,,,,,,,,,,,,,,,,,,,,1
其争,吉田(豊橋市),,,,,,,,,,,,,,,〇,,,,,,,,,,,,,,,,,,,,,,,,,,,,,,,,,,,,,,,,,,,,,,,,,,,,1
可有,萩村(豊川市),,,,,,,,,,,,,,,〇,,,,,,,,,,,〇,,,,,,,,,,,,,,,,,,,,,,,,,,,,,,,,,,,,,,,,,2
杯子,二川(豊橋市),,,,,,,,,,,,,,,,,〇,,,,,,,,,,,,,,,,,,,,,,,,,,,,,,,,,,,,,,,,,,,,,,,,,,1
南圭,二川(豊橋市),,,,,,,,,,,,,〇,,〇,,〇,,,,,,,,,,〇,,,,,,,〇,,,,,,,,,,,,,,,,,,,,,,,,,,,,,,,,,5
橙雨,田原(田原市),,,,,,,,,,,,,〇,,〇,,〇,,,,,,,,,,,,,,,,,,,,,,,,,,,,,,,,,,,,,,,,,,,,,,,,,,3
鏡花,田原(田原市),,,,,,,,,,,,,,,,,〇,,,,,,,,,〇,〇,,,,,,,〇,,,,,,,,,,,,,,,,,,,,,,,,,,,,,,,,,4
梨滴,田原(田原市),,,,,,,,,,,,,,,,,〇,,,,,,,,,,,,,,,,,,,,,,,,,,,,,,,,,,,,,,,,,,,,,,,,,,1
甫道,田原(田原市),,,,,,,,,,,,,,,,,,,,,,,,,,,〇,,,,,,,,,,,,,,,,,,,,,,,,,,,,,,,,,,,,,,,,1
玉洋,田原(田原市),,,,,,,,,,,,,,,,,,,,,,,,,,,〇,,,,,,,,,,,,,,,,,,,,,,,,,,,,,,,,,,,,,,,,1
古㠶,,,,,,,,,,,〇,,,,,,,〇,,,,,,,,,,,,,,,,,,,,,,,,,,,,,,,,,,,,,,,,,,,,,,,,,,1
虚白,,,,,,,,,,,〇,,,,,,,,,,,,,,,,,,,,,,,,,,,,,,,,,,,,,,,,,,,,,,,,,,,,,,,,,0
得々,国府(豊川市),,,,文化9年以前,,〇,〇,,,〇,〇,,,,,,,,,,,,,,,,,,,,,,,〇,,,,,,,,,,,,,,,,,,,,,,,,,,,,,,,,,1
時来,,,,,,,,,,,〇,,,,,,,,,,,,,,,,,,,,,,,,,,,,,,,,,,,,,,,,,,,,,,,,,,,,,,,,,0
五周,西尾(西尾市),,,,,,,〇,,,,,〇,,,,,,,,,,,,,,,,,,,,,,〇,,,,,,,,,,,,,,,,,,,,,,,,,,,,,,,,,1
曲浦,,,,,,,,,,,,,,,,,,,,,,,,,,,,,,,,,,,,,,,,,,,,,,,,,,,,,,,,,,,,,,,,,,,,0
千方,二川(豊橋市),,,,,,,,,,,,,,,,,,,,,,,,,,,,,,,,,,〇,,,,,,,,,,,,,,,,,,,,,,,,,,,,,,,,,1
古流,当古(豊川市),,,,,,,,,,,,,,,,,,,,,,,,,,,,,,,,,,〇,,,,,,,,,,,,,,,,,,,,,,,,,,,,,,,,,1
可笑,岩崎(豊橋市),,,,,,,,,,,,,,,,,,,,,,,,,,,〇,,,,,,,〇,,,,,,,,,,,,,,,,,,,,,,,,,,,,,,,,,2
花山,牟呂(豊橋市),,,,,,,,,,,,,,,,,,,,,,,,,,,〇,,,,,,,〇,,,,,,,,,,,,,,,,,,,,,,,,,,,,,,,,,2
蛤二,牟呂(豊橋市),,,,,,,,,,,,,,,,,,,,,,,,,,,〇,,,,,,,〇,,,,,,,,,,,,,,,,,,,,,,,,,,,,,,,,,2
雨速,牟呂(豊橋市),,,,,,,,,,,,,,,,,,,,,,,,,,,〇,,,,,,,〇,,,,,,,,,,,,,,,,,,,,,,,,,,,,,,,,,2
楚水,牛久保(豊川市),,,,,,,,,,,,,,,,,,,,,,,,,,,,,,,,,,〇,,,,,,,,,,,,,,,,,,,,,,,,,,,,,,,,,1
素角,新城(新城市),,,,,,,,,,,,,,,,,,,,,,,,,,,,,,,,,,〇,,,,,,,,,,,,,,,,,,,,,,,,,,,,,,,,,1
嶰谷,新城(新城市),蠟屋喜左衛門,,,,,,,,,,,,,,,,,,,,,,,,,,,,,,,,,〇,,,,,,,,,,,,,,,,,,,,,,,,,,,,,,,,,1
里喬,新城(新城市),,,,,,,,,,,,,,,,,,,,,,,,,,,,,,,,,,〇,,,,,,,,,,,,,,,,,,,,,,,,,,,,,,,,,1
桃茂,新城(新城市),,,,,,,,,,,,,,,,,,,,,,,,,,〇,,,,,,,,〇,,,,,,,,,,,,,,,,,,,,,,,,,,,,,,,,,2
榎園,新城(新城市),,,,,,,,,,,,,,,,,,,,,,,,,,〇,,,,,,,,〇,,,,,,,,,,,,,,,,,,,,,,,,,,,,,,,,,2
一声,新城(新城市),,,,,,,,,,,,,,,,,,,,,,,,,,,,,,,,,,〇,,,,,,,,,,,,,,,,,,,,,,,,,,,,,,,,,1
重原,新城(新城市),,,,,,,,,,,,,,,,,,,,,,,,,,〇,,,,,,,,,,,,,,,,,,,,,,,,,,,,,,,,,,,,,,,,,1
舞鶴,新城(新城市),,,,,,,,,,,,,,,,,,,,,,,,,,,,,,,,,,〇,,,,,,,,,,,,,,,,,,,,,,,,,,,,,,,,,1
竹露,新城(新城市),,,,,,,,,,,,,,,,,,,,,,,,,,,,,,,,,,〇,,,,,,,,,,,,,,,,,,,,,,,,,,,,,,,,,1
曳兵,新城(新城市),,,,,,,,,,,,,,,,,,,,,,,,,,,,,,,,,,〇,,,,,,,,,,,,,,,,,,,,,,,,,,,,,,,,,1
豊水,新城(新城市),,,,,,,,,,,,,,,,,,,,,,,,,,,,,,,,,,〇,,,,,,,,,,,,,,,,,,,,,,,,,,,,,,,,,1
杜麦,新城(新城市),,,,,,,,,,,,,,,,,,,,,,,,,,,,,,,,,,〇,,,,,,,,,,,,,,,,,,,,,,,,,,,,,,,,,1
其由,新城(新城市),,,,,,,,,,,,,,,,,,,,,,,,,,〇,,,,,,,,〇,,,,,,,,,,,,,,,,,,,,,,,,,,,,,,,,,2
関甫,新城(新城市),,,,,,,,,,,,,,,,,,,,,,,,,,,,,,,,,,〇,,,,,,,,,,,,,,,,,,,,,,,,,,,,,,,,,1
桃舎,新城(新城市),陀屋吉左衛門,,,,,,,,,,,,,,,,,,,,,,,,,,〇,,,,,,,〇,,,,,,,,,,,,,,,,,,,,,,,,,,,,,,,,,2
氷屑,新城(新城市),竹内玄同,,,,,,,,,,,,,,,,,,,,,,,,,,,,,,,,,,,,,,,,,,,,,,,,,,,,,,,,,,,,,,,,,,0
如月,,,,,,,,,,,,,,,,,〇,,,,,,,,,,,,〇,,,,,,,,,,,,,,,,,,,,,,,,,,,,,,,,,,,,,,,2
可雪,和泉(安城市),,,,,,,,,,,,,,,,〇,,,,〇,,,,,,,,〇,,,,,,,,,,,,,,,,〇,,,,,,,,,,,,,,,,,,,,,,,4
玄角,挙母(豊田市),角口外六,,,,,,,,,,,,,,,,,,,,,,,,,,,,,,,,,,,,,,,,,,,,,,,,,,,,,,,,,,,,〇,,,,,,1
朱鶴,,,,,,,,,,,,,,,,,〇,,,,,,,,,,,,,,,,,,,〇,,,,,,,,,,〇,,,,,,,,,,,,,,,,,,,,,,3
古東,,,,,,,,,,,,,,,,,〇,,,,,,,,,,,,,,,,,,,,,,,,,,,,,,,,,,,,,,,,,,,,,,,,,,,1
桐居,,,,,文化11年,,,,,,,,,,,,〇,,,,,,,,,,,,〇,,,,,,,,,,,,,,,,,,,,,,,,,,,,,,,,,,,,,,,2
露残,,,,,,,,,,,,,,,,,〇,,,,,,,,,,,,〇,,,,,,,,,,,,,,,,,,,,,,,,,,,,,,,,,,,,,,,2
蘭圃,,,,,,,,,,,,,,,,,〇,,,,,,,,,,,,〇,,,,,,,,,,,,,,,,,,,,,,,,,,,,,,,,,,,,,,,2
冠子(十一歳),,,,,,,,,,,,,,,,,〇,,,,,,,,,,,,,,,,,,,,,,,,,,,,,,,,,,,,,,,,,,,,,,,,,,,1
笙山,中根(西尾市),山本磯吉,,,,,,,,,,,,,,,〇,,,,,,,,,,,,,,,,,,,,,,,,,,,,,,,,,,,,,,,,,,,,,〇,,,,,,2
柯亭,和泉(安城市),,,,,,,,,,,,,,,,〇,,,,,,,,,,,,〇,,,,,,,,,,,,,,,,〇,〇,,,,,,,,,,,,,,,,,,,,,,4
岱呂,矢作橋付近(岡崎市),,,,文化10年,卓池友人,,,,,,,,,〇,,,,〇,,〇,,,〇,,,,,〇,〇,〇,〇,〇,〇,〇,〇,〇,,,,,,,,,,,,,,,〇,,,,,,,,,,,,,,,,14
藍洲,新城(新城市),,,,,,,,,,,,,,,,,,〇,〇,,,〇,,,,,〇,,,,,,,〇,,,,,,,,,,,,,,,,,,,,,,,,,,,,,,,,,5
百甫,,,,,,,,,,,,,,,,,,,〇,,,,,,,,,,,,,,,,,,,,,,,,,,,,,,,,,,,,,,,,,,,,,,,,,1
完伍,牛久保裏町(豊川市),伊東喜助、大黒屋,,,明治2年(74歳),,,,,,,,,,,,,,,,,〇,,,,,,,,,,,,,,,,,,,,,,,,,,,,,,,,,,,,,,,,,,,,,,1
白羽,森(豊川市),佐介,,,,,,,,,,,,,,,,〇,,,,,〇,,,〇,〇,〇,,,,,,,〇,,,,,,,,,,,,,,,,,,,,,,,,,,,,,,,,,6
兎堂,吉田(豊橋市),植田氏,,,,,,,,,,,,,,,,〇,,,,,〇,,,,,〇,,,,,,,,,,,,,,,,,,,,,,,,,,,,,,,,,,,,,,,,3
茶筵,吉田(豊橋市),,,,,,,,,,,,,,,,,〇,,,,,〇,,,〇,,〇,,,,,,,〇,,,,,,,,,,,,,,,,,,,,,,,,,,,,,,,,,5
見龍,吉田(豊橋市),,,,,,,,,,,,,,,,,〇,,,,,〇,,,〇,,〇,,,,,,,,,,,,,,,,,,,,,,,,,,,,,,,,,,,,,,,,4
素橋,吉田(豊橋市),,,,,,,,,,,,,,,,,,,,,,〇,,,〇,,〇,,,,,,,,,,,,,,,,,,,,,,,,,,,,,,,,,,,,,,,,3
魯石,吉田(豊橋市),,,,,,,,,,,,,,,,,,,,,,〇,,,〇,〇,,,,,,,,,,,,,,,,,,,,,,,,,,,,,,,,,,,,,,,,,3
其友,吉田(豊橋市),,,,,,,,,,,,,,,,,,,,,,〇,,,〇,,〇,,,,,,,〇,,,,,,,,,,,,,,,,,,,,,,,,,,,,,,,,,4
菊支,吉田(豊橋市),,,,,,,,,,,,,,,,,,,,,,〇,,,〇,,,,,,,,,,,,,,,,,,,,,,,,,,,,,,,,,,,,,,,,,,2
喜石,吉田(豊橋市),,,,,,,,,,,,,,,,,,,,,,,,,,,〇,,,,,,,,,,,,,,,,,,,,,,,,,,,,,,,,,,,,,,,,1
渡月,吉田(豊橋市),,,,,,,,,,,,,,,,,,,,,,,,,,,〇,,,,,,,,,,,,,,,,,,,,,,,,,,,,,,,,,,,,,,,,1
月枝,,,,,,,,,,,,,,,,,,,,,,,〇,,,,,〇,,,,,,,,,,,,,,,,,,,,,,,,,,,,,,,,,,,,,,,,2
尾上(女),吉田(豊橋市),,,,,,,,,,,,,,,,,,,,,,〇,,,,,〇,,,,,,,,,,,,,,,,,,,,,,,,,,,,,,,,,,,,,,,,2
南路,吉田(豊橋市),,,,,,,,,,,,,,,,,,,,,,〇,,,,,〇,,,,,,,〇,,,,,,,,,,,〇,,,,,,,,,,,,,,,,,,,,,,4
友茶,吉田(豊橋市),,,,,,,,,,,,,,,,,,,,,,〇,,,,,〇,,,,,,,,,,,,,,,,,,,,,,,,,,,,,,,,,,,,,,,,2
石羊,吉田(豊橋市),,,,,,,,,,,,,,,,,,,,,,〇,,,〇,,〇,,,,,,,,,,,,,,,,,,〇,,,,,,,,,,,,,,,,,,,,,,4
猿甫,国府(豊川市),,,,,,,,,,,,,,,,,,,,,,〇,,,,,,,,,,,,〇,,,,,,,,,,,,,,,,,,,,,,,,,,,,,,,,,2
古竹,,,,,,,,,,,,,,,,,,,,,,,〇,,,,,,,,,,,,,,,,,,,,,,,,,,,,,,,,,,,,,,,,,,,,,1
鏡二,新城(新城市),,,,文化9年以前,,,,,,,,,,,,,〇,,〇,,,〇,,,,,〇,,,,,,,〇,,,,,,,,,,,,,,,,,,,,,,,,,,,,,,,,,5
桃舎,新城(新城市),,,,,,,,,,,,,,,,,,,,,,〇,,,,,,,,,,,,〇,,,,,,,,,,,,,,,,,,,,,,,,,,,〇,,,,,,3
栢川,,,,,,,,,,,,,,,,,,,,,,,〇,,,,,,,,,,,,,,,,,,,,,,,,,,,,,,,,,,,,,,,,,,,,,1
蟻道,新城(新城市),,,,,,,,,,,,,,,,,,,〇,,,〇,,,,〇,,,,,,,,〇,,,,,,,,,,,,,,,,,,,,,,,,,,,,,,,,,4
都来,新城(新城市),,,,,,,,,,,,,,,,,,,,,,〇,,,,,〇,,,,,,,〇,,,,,,,,,,,,,,,,,,,,,,,,,,,,,,,,,3
柳甫,新城(新城市),,,,文化9年以前,,,,,,,,,,,,,,,,,,,,,,,,,,,,,,〇,,,,,,,,,,,,,,,,,,,,,,,,,,,,,,,,,1
耕雲,新城(新城市),,,,文化9年以前,,,,,,,,,,,,,,,,,,,,,,,,,,,,,,〇,,,,,,,,,,,,,,,,,,,,,,,,,,,,,,,,,1
木芽,札木(豊橋市),古市良輔,,,,木朶の孫,,,,,,,,,,,,,,,,,〇,,,〇,,,,,,,,,〇,,,,,,,,,,,〇,,,〇,,,,〇,,,,,,,,,〇,〇,,,,,8
桐茂,吉田(豊橋市),大田〇十郎,,,,,,,,,,,,,,,,〇,,,,,〇,,,〇,,,,,,,,,〇,,,,,,,,,,,,,,,,,,,,,,,,,,,〇,,,,,,5
賣恵,上伝馬町(豊橋市),夏目十蔵,,,,,,,,,,,,,,,,,,,,,,,,,,,,,,,,,,,,,,,,,,,,,,,,,,,,,,,,,,,,〇,,,,,,1
鶯亭,中垣内(豊田市),,,,文化11年,卓池友人,,,,,,,,,,,,,,,〇,,,,,,,,〇,,,,,,,,,,,,,,,,,〇,,,,,,,,,,,,,,,,,,〇,,,,4
士英,,,,,,,,,,,,,,,,,,,,,,,,,,,,,〇,,,,,,,,,,,,,,,,,,,,,,,,,,,,,,,,,,,,,,,1
露竹,,,,,,,,,,,,,,,,,,,,,,,,,,,,,〇,,,,,,,,,,,,,,,,,,,,,,,,,,,,,,,,,,,,,,,1
幸女,,,,,,,,,,,,,,,,,,,,,,,,,,,,,〇,,,,,,,,,,,,,,,,,,,,,,,,,,,,,,,,,,,,,,,1
多都鴉,,,,,,,,,,,,,,,,,,,,,,,,,,,,,〇,,,,,,,,,,,,,,,,,,,,,,,,,,,,,,,,,,,,,,,1
文淵,,,,,,,,,,,,,,,,,,,,,,,,,,,,,〇,,,,,,,,,,,,,,,,,〇,,,,,,,,,,,,,,,,,,,,,,2
相海,,,,,文化10年,,,,,,,,,,,,,,,,,,,,,,,,〇,,,,,,,,,,,,,,,,,,,,,,,,,,,,,,,,,,,,,,,1
東鳴,新城(新城市),永田六兵衛,,,,,,,,,,,,,,,,,,,,,,,,,,,,,,〇,,,〇,〇,〇,〇,,,,,〇,,,〇,,,,,,,,,,,,,,,,〇,,,,,,8
光月,,,,,,,,,,,,,,,,,,,,,,,,,,,,,,,,〇,,,,,,,,,,,,,,,,,,,,,,,,,,,,,,,,,,,,1
鷺泉,,,,,,,,,,,,,,,,,,,,,,,,,,,,,,,,〇,,,,,,,,,,,,,,,,,,,,,,,,,,,,,,,,,,,,1
三水,,,,,,,,,,,,,,,,,,,,,,,,,,,,,,,,〇,,,,,〇,,,,,,,,,,,,,,,,,,,,,,,,,,,,,,,2
舐糠,国府(豊川市),,,,,,,,,,,,,,〇,,,,,,,,,,,,〇,,,,,〇,,,〇,,,,,,,,,,,,,,,,,,,,,,,,,,,,,,,,,4
白鷹,,,,,,,,,,,,,,,〇,,,,,,,,,,,,,,,,,〇,,,,,〇,〇,,,,,,,,,,,,,,,,,,,,,,,,,,,,,,4
白圭,,,,,,,,,,,,,,,,,,,,,,,,,,,,,,,,〇,,,,,,,,,,,,,,,,,,,,,,,,,,,,,,,,,,,,1
楚叡,西境(刈谷市),,,,,,,,,,,,,,,,,,,,,,,,,,,,,,,,,,,〇,,,,,,,,,〇,,,,,,,,,,,,,,,,,,,〇,,,,3
相屏,,,,,,,,,,,,,,,,,,,,,,,,,,,,,,,,,,,,〇,,,,,,,,,,,,,,,,,,,,,,,,,,,,,,,,1
文魚,,,,,,,,,,,,,,,,,,,,,,,,,,,,,,,,,,,,〇,,,,,,,〇,,,,,,,,,,,,,,,,,,,,〇,,,,,3
泉子,国府(豊川市),,,,,,,,,,,,,,,,,,,,,,,,,,〇,,,,,,,,〇,〇,〇,〇,,,,,,,,,,,〇,,,,,,,,,,,,,,,,,〇,,7
逸羅,,,,,,,,,,,,,,,,,,,,,,,,,,,,,,,,,,,,〇,,〇,,,,,,,,,,,,,,,,,,,,,,,,,,,,,,2
仙寉,国府(豊川市),平松弥兵衛,,,,,,,,,,,,,,,,,,,,,,,,,,,,,,,,,,〇,,,,,,,〇,〇,,,,〇,〇,,,,,,,,,,,,,,〇,,〇,,,7
惟朝,,,,,,,,,,,,,,,,,,,,,,,,,,,,,,,,,,,,,,〇,,,,,,,,,,,,,,,,,,,,,,,,,,,,,,1
月墟,,,,,,,,,,,,,,,,,,,,,,,,,,,,,,,,,,,,,,〇,,,,,,,,,,,,,,〇,,,,,,,〇,,,,,,,,,3
橘人,,,,,,,,,,,,,,,,,,,,,,,,,,,,,,,,,,,,,〇,〇,,〇,,,,,,,,,,,,,,,,,,,,,,,,,〇,,,4
雲路,山田(田原市),,,,,,,,,,,,,,,,,,,,,,,,,,,,,,,,,,〇,,,〇,,,,,,,,,,,,,,,,,,,,,,,,,,,〇,,,3
蛙柳,,,,,,,,,,,,,,,,,,,,,,,,,,,,,,,,,,,,,,〇,〇,,,,,,,,,,,,,,,,,,,,,,,,,,,,,2
山彦,,,,,,,,,,,,,,,,,,,,,,,,,,,,,,,,,,,,,,〇,,,,,,,,,,,,,,,,,,,,,,,,,,,,,,1
可堂,,,,,,,,,,,,,,,,,,,,,,,,,,,,,,,,,,,,,,,,,,,〇,,,,,,,,,,,,,,,,,,,,,,,,,1
古陶,本町(豊橋市),佐野権右衛門,,,天保11年,蓬宇の父,,,,,,,,,,,,,,,,,,,,,,,,,,,,,,,,,,,,,〇,,,〇,〇,〇,〇,,,,〇,,,,,,,,,〇,〇,,,,,8
洗耳,西浜(豊橋市),中川春徳,,,,,,,,,,,,,,,,,,,,,,,,,,,,,,,,,,,,,〇,,,,〇,,,,,,,,,,,,,,,,,,,〇,〇,,,,,4
孤竜,,,,,,,,,,,,,,,,,,,,,,,,,,,,,,,,,,,,,,,,,,,〇,,,,,,,,,,,,,,,,,,,,,,,,,1
紅雲,,,,,,,,,,,,,,,,,,,,,,,,,,,,,,,,,,,,,,,,,,,〇,,,,,,,,,,,,,,,,,,,,,,,,,1
葛尼,本町(豊橋市),,油屋,油屋,,,,,,,,,,,,,,,,,,,,,,,,,,,,,,,,,,,,,,,,,,〇,,,,,,,,〇,,,,〇,,,,,,,,,,3
乕風,,,,,,,,,,,,,,,,,,,,,,,,,,,,,,,,,,,,,,,,,,,,,,,,,,,,〇,,,,,,,〇,,,,,,,,,2
一守,,,,,,,,,,,,,,,,,,,,,,,,,,,,,,,,,,,,,,,,,,,,,,〇,,,,,,,,,,,,,,,,,〇,,,,,2
如高,西尾(西尾市),太田仁兵衛,,,,,,,,,,,,,,,,,,,〇,,,,,,,,,,,,,,,,,,,,,,,,,〇,,,,,,,,,,,,,,,,〇,〇,,,,,4
篁斎,,,,,,,,,,,,,,,,,,,,,,,,,,,,,,,,,,,,,,,,,,,,,,〇,〇,,〇,,,,,,,,,,,,,,〇,,,,,4
花好,,,,,,,,,,,,,,,,,,,,,,,,,,,,,,,,,,,,,,,,,,,,,,,,,,,,,,,,,,,,,,,〇,,,,,1
李風,御油(豊川市),池田屋次兵衛,,,,,,,,,,,,,,,,,,,,,,,,,,,,,,,,,,,,,,,,,,,,〇,,,,,,,,,,,,,,,,,〇,,,,,2
斗来,,,,,,,,,,,,,,,,,,,,,,,,,,,,,,,,,,,,,,,,,,,,,,,,,,,,,,,,,,,,,,,〇,,,,,1
蛟(みつち),,,,,,,,,,,,,,,,,,,,,,,,,,,,,,,,,,,,,,,,,,,,,,,〇,〇,,,,,,,,,,,,,,,〇,,,,,3
北泉,本町(足助町),山田泰淳,,,,,,,,,,,,,,,,,,,,,,,,,,,,,,,,,,,,,,,,,,,,,,,,,,,,,〇,,,〇,,,,,,,,,,2
朱方,,,,,,,,,,,,,,,,,,,,,,,,,,,,,,,,,,,,,,,,,,,,,,,,,,,,,,,〇,,,,,,,,,,,,,1
下睦,,,,,,,,,,,,,,,,,,,,,,,,,,,,,,,,,,,,,,,,,,,,,,,,,,,,,,,〇,,,〇,,,,,,,,,,2
曳尾,,,,,,,,,,,,,,,,,,,,,,,,,,,,,,,,,,,,,,,,,,,,,,,,,,,,,,,〇,,,,,,,,,,,,,1
尖峰,,,,,,,,,,,,,,,,,,,,,,,,,,,,,,,,,,,,,,,,,,,,,,,,,,,,,,,〇,,,,,,,,,,,,,1
霞石,足助(足助町),,,,,,,,,,,,,,,,,,,,,,,,,,,,,,,,,,,,,,,,,,,,〇,〇,,,,,,,,,〇,,,,,,,,,,,,,3
三岳,下り町(豊橋市),鈴木与兵衛,味噌醸造業,味噌醸造業,安政元年(63歳),渡辺崋山に俳画を学ぶ,,,,,,,,,,,,,,,,,,,,,,,,,,,,,,,,,,,,,,,,〇,,,,,,,〇,,〇,,,〇,,,,,,,,,,4
華肯,足助(足助町),,,,,,,,,,,,,,,,,,,,,,,,,,,,,,,,,,,,,,,,,,,,,,,,,,,,,,〇,,,〇,,,,,,,,,,2
松坡,刈谷(刈谷市),,,,,,,,,,,,,,,,,,,,,,,,,,,,,,,,,,,,,,,,,,,,〇,〇,,,,,,,,,,,,,,,,〇,,〇,,,,4
方明,,,,,,卓池の友人,,,,,,,,,,,,,,,,,,,,,,,,,,,,,,,,,,,,,,,〇,,,,,,,,,,,,,,,,,,,,,,,1
旅免,足助(足助町),,,,,,,,,,,,,,,,,,,,,,,,,,,,,,,,,,,,,,,,,,,,〇,,,,,,,,,,,,,,,,,,,,,,,1
其風,足助(足助町),鈴木利十,紙屋,紙屋,,,,,,,,,,,,,,,,,,,,,,,,,,,,,,,,,,,,,,,,,〇,,,,,,,,,,,,,,,,,〇,,,,,,2
河曲,足助(足助町),,,,,,,,,,,,,,,,,,,,,,,,,,,,,,,,,,,,,,,,,,,,〇,〇,,,,,,,,,,,,,,,,,,,,,,2
三貫,足助(足助町),,,,,,,,,,,,,,,,,,,,,,,,,,,,,,,,,,,,,,,,,,,,〇,〇,,,,,,,,,,,,,,,,,,,,,,2
勉曲,足助(足助町),,,,,,,,,,,,,,,,,,,,,,,,,,,,,,,,,,,,,,,,,,,,〇,,〇,,,,,,,,,,,,,,,,,,,,,2
真文,足助(足助町),,,,,,,,,,,,,,,,,,,,,,,,,,,,,,,,,,,,,,,,,,,,〇,〇,,,,,,,,,,,,,,,,,,,,,,2
九岐,新町(足助町),林半平,,,,,,,,,,,,,,,,,,,,,,,,,,,,,,,,,,,,,,,,,,,,,,,,,,,,,,,,,,,,〇,,,,,,1
巴遊,,,,,,,,,,,,,,,,,,,,,,,,,,,,,,,,,,,,,,,,,,,,,,,,,,,,,,,,,,,,,,,,,,〇,,1
華鳥,,,,,,,,,,,,,,,,,,,,,,,,,,,,,,,,,,,,,,,,,,,,,,,,,,,,,,,,,,,,,,,,,,〇,,1
草角,,,,,,,,,,,,,,,,,,,,,,,,,,,,,,,,,,,,,,,,,,,,,,,〇,,,,,,,,,,,,,,,,,,,〇,,2
蛙水,,,,,,,,,,,,,,,,,,,,,,,,,,,,,,,,,,,,,,,,,,,,,,,,,,,,,,,,,,,,,,,,,,〇,,1
京夢,上町(新城市),真柴屋専助,,,,,,,,,,,,,,,,〇,,,,,,,,,,,,,,,,,,,,,,,,,,,,,,,,,,,,,,,,,,,,,,,,〇,,2
紫風,,,,,,,,,,,,,,,,,,,,,,,,,,,,,,,,,,,,,,,,,,,,,,,〇,,,,,,,,,,,,,,,,,,,〇,,2
関枝,,,,,,,,,,,,,,,,,,,,,,,,,,,,,,,,,,,,,,,,,,,,,,,,,,,,,,,,,,,,,,,,,,〇,,1
澤水,,,,,,,,,,,,,,,,,,,,,,,,,,,,,,,,,,,,,,,,,,,,,,,,,,,,,,,,,,,,,,,,,,〇,,1
可桃,,,,,,,,,,,,,,,,,,,,,,,,,,,,,,,,,,,,,,,,,,,,,,,〇,,〇,,,,,,,,,,,,,,,,,〇,,3
月丸,,,,,,,,,,,,,,,,,,,,,,,,,,,,,,,,,,,,,,,,,,,,,,,,,,,,,,,,,,,,,,,,,,〇,,1
東雲,新町(足助町),野村藤兵衛,,,,,,,,,,,,,,,,,,,,,,,,,,,,,,,,,,,,,,,,,,,,,,,〇,,,,,,,,,〇,,,,〇,,,,〇,,4
三礎,,,,,,,,,,,,,,,,,,,,,,,,,,,,,,,,,,,,,,,,,,,,,,,,,,,,,,,,,,,,,,,,,,〇,,1
寿川,,,,,,,,,,,,,,,,,,,,,,,,,,,,,,,,,,,,,,,,,,,,,,,,,,,,,,,,,,,,,,,,,,〇,,1
松鳥,岡崎(岡崎市),,,,,,,,,,,,,,,,,,,,,,,,,,,,,,,,,,,,,,,,,,,,,,,,,,,,,,,,,,,,,,,,,〇,,1
其律,,,,,,,,,,,,,,,,,,,,,,,,,,,,,,,,,,,,,,,,,,,,,,,,,,,,,,,,,,,,,,,,,,〇,,1
三楽,,,,,,,,,,,,,,,,,,,,,,,,,,,,,,,,,,,,,,,,,,,,,,,,,〇,,,,,,,,,,,,,,,,,〇,,2
霊草,,,,,,,,,,,,,,,,,,,,,,,,,,,,,,,,,,,,,,,,,,,,,,,,〇,,,,,,,,,,,,,,,,,,〇,,2
龍霞,,,,,,,,,,,,,,,,,,,,,,,,,,,,,,,,,,,,,,,,,,,,,,〇,,,,,,,,,,,,,,,,,,,,,,1
南老,,,,,,,,,,,,,,,,,,,,,,,,,,,,,,,,,,,,,,,,,,,,,,〇,,,,,,,,,,,,,,,,,,,,,,1
一精,,,,,,,,,,,,,,,,,,,,,,,,,,,,,,,,,,,,,,,,,,,,,,〇,,,,,,,,,,,,,,,,,,,,,,1
東岱,,,,,,,,,,,,,,,,,,,,,,,,,,,,,,,,,,,,,,,,,,,,,,〇,,,,,,,,,,,,,,,,,,,,,,1
英三,魚町(豊橋市),栄蔵,,,,,,,,,,,,,,,,,,,,,,,,,,,,,,,,,,,,,,,,,,,,〇,,,,,,,,,,,,,,,,,,,,,,1
虹浦,,,,,,,,,,,,,,,,,,,,,,,,,,,,,,,,,,,,,,,,,,,,,,〇,,,,,,,,,,,,,,,,,,,,,,1
梵孫,,,,,,,,,,,,,,,,,,,,,,,,,,,,,,,,,,,,,,,,,,,,,,〇,,,,,,,,,,,,,,,,,,,,,,1
素白,,,,,,,,,,,,,,,,,,,,,,,,,,,,,,,,,,,,,,,,,,,,,,〇,,,,,,,,,,,,,,,,,,,,,,1
太中,,,,,,,,,,,,,,,,,,,,,,,,,,,,,,,,,,,,,,,,,,,,,,〇,,,,,,,,,,,,,,,,,,,,,,1
子襲,,,,,,,,,,,,,,,,,,,,,,,,,,,,,,,,,,,,,,,,,,,,,,〇,,,,,,,,,,,,,,,,,,,,,,1
趙鳧,岡崎(岡崎市),,,,,,,,,〇,,,,〇,,,,,,,,,,,,,,,,〇,,,,,,,,,,,,,,,,〇,,,,,,,,,,,,,,,,,,,,,,3
屈亀,,,,,,,,,,,,,,,,,,,,,,,,,,,,,,,,,,,,,,,,,,,,,,〇,,,,,,,,,,,,,,,,,,,,,,1
曙堂,,,,,,,,,,,,,,,,,,,,,,,,,,,,,,,,,,,,,,,,,,,,,,〇,,,,,,,,,,,,,,,,,,,,,,1
智翠,,,,,,,,,,,,,,,,,,,,,,,,,,,,,,,,,,,,,,,,,,,,,,〇,,,,,,,,,,,,,,,,,,,,,,1
谷遊,,,,,,,,,,,,,,,,,,,,,,,,,,,,,,,,,,,,,,,,,,,,,,〇,,,,,,,,,,,,,,,,,,,,,,1
兎月,,,,,,,,,,,,,,,,,,,,,,,,,,,,,,,,,,,,,,,,,,,,,,〇,,,,,,,,,,,,,,,,,,,,,,1
召夫,,,,,,,,,,,,,,,,,,,,,,,,,,,,,,,,,,,,,,,,,,,,,,〇,,,,,,,,,,,,,,,,,,,,,,1
秀萌,,,,,,,,,,,,,,,,,,,,,,,,,,,,,,,,,,,,,,,,,,,,,,〇,,,,,,,,,,,,,,,,,,,,,,1
玉淵,和泉(安城市),都筑氏,,,,,,,,,,,,,,,,,,,,,,,,,,,,,,,,,,,,,,,,,,,,〇,,,,,,,,,,,,,,,,〇,,,,,,2
紫桃,,,,,,,,,,,,,,,,,,,,,,,,,,,,,,,,,,,,,,,,,,,,,,〇,,,,,,,,,,,,,,,,,,,,,,1
長次郎(少年),,,,,,,,,,,,,,,,,,,,,,,,,,,,,,,,,,,,,,,,,,,,,,〇,,,,,,,,,,,,,,,,,,,,,,1
義徒知,,,,,,,,,,,,,,,,,,,,,,,,,,,,,,,,,,,,,,,,,,,,,,〇,,,,,,,,,,,,,,,,,,,,,,1
桃蹊,,,,,,,,,,,,,,,,,,,,,,,,,,,,,,,,,,,,,,,,,,,,,,〇,,,,,,,,,,,,,,,,,,,,,,1
程連,,,,,,,,,,,,,,,,,,,,,,,,,,,,,,,,,,,,,,,,,,,,,,〇,,,,,,,,,,,,,,,,,,,,,,1
葆光,鳴海(名古屋市緑区),,,,,,,,,,,,,,,,,,,,,,,,,,,,,,,,,,,,,,,,,,,,,〇,,,,,,,,,,,,,,,,,,,,,,1
柳涯,大島陣屋(豊田市),大村権兵衛,,,,,,,,,,,,,,,,,,,,,,,,,,,,,,,,,,,,,,,,,,,,〇,,,,,,,〇,,,,,,,,,,,,,,,2
鶴沖,,,,,,,,,,,,,,,,,,,,,,,,,,,,,,,,,,,,,,,,,,,,,,〇,,,,,,,,,,,,,,,,,,,,,,1
吐月,,,,,,,,,,,,,,,,,,,,,,,,,,,,,,,,,,,,,,,,,,,,,,〇,,,,,,,,,,,,,,,,,,,,,,1
入素,岡崎(岡崎市),,,,,暁台門下,,,,〇,,,,〇,,,,,,,,,,,,,,,,,,,,,,,,,,,,,,,,〇,,,,,,,,,,,,,,,,,,,,,,2
荷雪,,,,,,,,,,,,,,,,,,,,,,,,,,,,,,,,,,,,,,,,,,,,,,〇,,,,,,,,,,,,,,,,,,,,,,1
芳草,,,,,,,,,,,,,,,,,,,,,,,,,,,,,,,,,,,,,,,,,,,,,,〇,,,,,,,,,,,,,,,,,,,,,,1
素涼,新城(新城市),村雲屋,,,,,,,,,,,,,,,,,,,,,,,,,,,,,,,,,,,,,,,,,,,,〇,,,,,,,,,,,,,,,,,,,,,,1
楓村,,,,,,,,,,,,,,,,,,,,,,,,,,,,,,,,,,,,,,,,,,,,,,〇,,,,,,,,,,,,,,,,,,,,,,1
金羽,,,,,,,,,,,,,,,,,,,,,,,,,,,,,,,,,,,,,,,,,,,,,,〇,,,,,,,,,,,,,,,,,,,,,,1
友吉(少年),,,,,,,,,,,,,,,,,,,,,,,,,,,,,,,,,,,,,,,,,,,,,,〇,,,,,,,,,,,,,,,,,,,,,,1
鳳今,,,,,,,,,,,,,,,,,,,,,,,,,,,,,,,,,,,,,,,,,,,,,,〇,,,,,,,,,,,,,,,,,,,,,,1
守中,本町(豊橋市),岩田屋次郎吉,,,,,,,,,,,,,,,,,,,,,,,,,,,,,,,,,,,,,,,,,,,,,,,,,,,〇,,,,,〇,,,,,,,,,,2
常丸,,,,,,,,,,,,,,,,,,,,,,,,,,,,,,,,,,,,,,,,,,,,,,,,,,,,,,,,,,〇,,,,,,,,,,1
石葉,,,,,,,,,,,,,,,,,,,,,,,,,,,,,,,,,,,,,,,,,,,,,,,,,,,,,,,,,,〇,,,,,,,,,,1
杉呂,,,,,,,,,,,,,,,,,,,,,,,,,,,,,,,,,,,,,,,,,,,,,,,,,,,,,,,,,,〇,,,,,,,,,,1
佳甫,,,,,,,,,,,,,,,,,,,,,,,,,,,,,,,,,,,,,,,,,,,,,,,,,,,,,,,,,,〇,,,,,,,,,,1
楮逸,,,,,,,,,,,,,,,,,,,,,,,,,,,,,,,,,,,,,,,,,,,,,,,,,,,,,,,,,,〇,,,,,,,,,,1
一応,伝馬町(岡崎市),彦六,宿屋,旅籠屋,,,,,,,,,,,,,,,,,,,,,,,,,,,,,,,,,,,,,,,,,,,,,,,,,〇,,,,,〇,,,,,,,,,,2
如流,宇頭(岡崎市),井上吉右衛門,,,,,,,,,,,,,,,,,,,,,,,,,,,,,,,,,,,,,,,,,,,,,,,,,,,,,,,,〇,,,,,,,,,,1
魚雪,足助(足助町),小松安兵衛,,,,,,,,,,,,,,,,,,,,,,,,,,,,,,,,,,,,,,,,,,,,,,,,,,,,,,,,〇,,,,〇,,,,,,2
威也,,,,,,,,,,,,,,,,,,,,,,,,,,,,,,,,,,,,,,,,,,,,,,,,,,,,,,,,,,〇,,,,,,,,,,1
葉取,,,,,,,,,,,,,,,,,,,,,,,,,,,,,,,,,,,,,,,,,,,,,,,,,,,,,,,,,,〇,,,,,,,,,,1
素蘭,国府(豊川市),,,,,,,,,,,,,,,,,,,,,,,,,,,,,,,,,,〇,,〇,,,,,,,,,,,,,,,,,,,,,,,,,,,,,,,2
亭香,,,,,,,,,,,,,,,,,,,,,,,,,,,,,,,,,,,,,〇,,,,,,,,,,,,,,,,,,,,,,,,,,,,,,,1
翫之,新城(新城市),,,,,,,,,,,,,,,,,,,,,,,,,,,,,,,,,,〇,,〇,,,,,,,,,,,,,,,,,,,,,,,,,,,,,,,2
嶋董,,,,,,,,,,,,,,,,,,,,,,,,,,,,,,,,,,,,,〇,,,,,,,,,,,,,,,,,,,,,,,,,,,,,,,1
東烏,今川村(刈谷市),加塚久右衛門,油屋,油屋/僧,文政5年以降(79歳以上),,,,,,,,,,,,,,,,,,,,,,,,,,,,,,,,〇,,,,,,,,,,,,,,,,,,,,,,,,,,,,,,〇,2
玄阿,,,,,,,,,,,,,,,,,,,,,,,,,,,,,,,,,,,,,,,〇,,〇,,,,,,,,,,,,,,,,,,,,,,,,,,,2
翠錦,高岡村中根(豊田市),山本勘右衛門、三省軒,造り酒屋,造り酒屋,明治8年,無量寿寺に卓池句碑建立,,,,,,,,,,,,,,,,,,,,,,,,,,,,,,,,,,,,,,,,,,,,,,〇,,,,,,,,,,,,,,,,1
一貫,刈谷(刈谷市),新五郎,綿屋,綿屋,,,,,,,,,,,,,,,,,,,,,,,,,,,,,,,,,,,,,,,,,,,,,,,,〇,,,,,,,,,,〇,,,,,,2
白岩,,,,,,,,,,,,,,,,,,,,,,,,,,,,,,,,,,,,,,,〇,,,,,,,,,,,,,,,,,,,,,,,,,,,,,1
柳荷,,,,,,,,,,,,,,,,,,,,,,,,,,,,,,,,,,,,,,,〇,,,,,,,,,,,,,,,,,,,,,,,,,,,,,1
士鳳,,,,,,,,,,,,,,,,,,,,,,,,,,,,,,,,,,,,,,,,,,,,,,,,,,,,,,,,,,,,,,,,,〇,,,1
蔭高,,,,,,,,,,,,,,,,,,,,,,,,,,,,,,,,,,,,,,,,,,,,,,,〇,,,,,,,,,,,,,,,,,,,,,1
花楽,,,,,,,,,,,,,,,,,,,,,,,,,,,,,,,,,,,,,,,,,,,,,,,〇,,,,,,,,,,,,,,,,,,,,,1
三禾,,,,,,,,,,,,,,,,,,,,,,,,,,,,,,,,,,,,,,,,,,,,,,,〇,,,,,,,,,,,,,,,,,,,,,1
曲枝,,,,,,,,,,,,,,,,,,,,,,,,,,,,,,,,,,,,,,,,,,,,,,,〇,,,,,,,,,,,,,,,,,,,,,1
古洗,,,,,,,,,,,,,,,,,,,,,,,,,,,,,,,,,,,,,,,,,,,,,,,〇,,,,,,,,,,,,,,,,,,,,,1
角斗,,,,,,,,,,,,,,,,,,,,,,,,,,,,,,,,,,,,,,,,,,,,,,,〇,,,,,,,,,,,,,,,,,,,,,1
春亭,,,,,,,,,,,,,,,,,,,,,,,,,,,,,,,,,,,,,,,,,,,,,,,〇,,,,,,,,,,,,,,,,,,,,,1
永野,,,,,,,,,,,,,,,,,,,,,,,,,,,,,,,,,,,,,,,,,,,,,,,,〇,,,,,,,,,,,,,,,,,,,,1
好待,,,,,,,,,,,,,,,,,,,,,,,,,,,,,,,,,,,,,,,,,,,,,,,,〇,,,,,,,,,,,,,,,,,,,,1
跡客,,,,,,,,,,,,,,,,,,,,,,,,,,,,,,,,,,,,,,,,,,,,,,,,〇,,,,,,,,,,,,,,,,,,,,1
止鳥,,,,,,,,,,,,,,,,,,,,,,,,,,,,,,,,,,,,,,,,,,,,,,,,〇,〇,,,,,,,,,,,,,,,,,,,2
河柳,,,,,,,,,,,,,,,,,,,,,,,,,,,,,,,,,,,,,,,,,,,,,,,,〇,,,,,,,,,,,,,,,,,,,,1
吐竜,,,,,,,,,,,,,,,,,,,,,,,,,,,,,,,,,,,,,,,,,,,,,,,,〇,,,,,,,,,,,,,,,,,,,,1
桃思,,,,,,,,,,,,,,,,,,,,,,,,,,,,,,,,,,,,,,,,,,,,,,,,〇,,,,,,,,,,,,,,,,,,,,1
木常,,,,,,,,,,,,,,,〇,,,,,,〇,,,,,,,,,,,,,,,,,,,,,〇,,,,,,,,,,,,,,,,,,,,,,,,,,3
寿楽,,,,,,,,,,,,,,,,,,,,,〇,,,,,,,,,,,,,,,,,,,,,,,,,,,,,,〇,,,,,,,,,,,,,,,,,2
素月(女),,,,,,,,,,,,,,,,,,,,,,,,〇,,,,,,,,,,,,,,,,,,,,,,,,,,,,,,,,,,,,,,,,,,,,1
眺甫,伊保(豊田市),,,,,,,,,,,,,,,,,,,,,,,,,,,,,,,,,,,,,,,,,,,,,,,,,,,,,,,〇,,,,,,,,,,,,1
三志,新城(新城市),,,,,,,,,,,,,,,,,,,〇,,,,,,,,〇,,,,,,,〇,,,,,,,,,,,,,,,,,,,,,,,,,,,,,,,,,3
提全,新城(新城市),,,,,,,,,,,,,,,,,,,,,,,,,,,,,,,,,,,,,,,,,,,,,,,,,,,,,,,,,,,,,,,,,,,0
免文,黒川(豊根村),,,,,,,,,,,,,,,,,,,,,,〇,,,〇,,,,,,,,,〇,,,,,,,,,,,,,,,,,,,,,,,,,,,,,,,,,3
麦甫,田原(田原市),,,,,,,,,,,,,〇,,,,〇,,〇,,,,,,,,〇,,,,,,〇,,,,,,,,,,,,,,,,,,,,,,,,,,,,,,,,,,5
祖風,知立(知立市),井村氏,,,文化9年以前,,,,,,,,,〇,,,,〇,,〇,,,,,,,,〇,,,,,,,〇,,,,,,,,,,,,,,,,,,,,,,,,,,,,,,,,,5
冠市,,,,,,,,,,,,,,,,,,,,,,,,,,,,,,,,,,,,,,,,,,,,,,,,,〇,,,,,,,,,,,,,,,,,,,1
可雄,,,,,,,,,,,,,,,,,,,,,,,,,,,,,,,,,,,,,,,,,,,,,,,,,〇,,,,,,,,,,,,,,,,,,,1
円波,足助(足助町),加納秀兵衛,,,,,,,,,,,,,,,,,,,,,,,,,,,,,,,,,,,,,,,,,,,,,,,〇,,,,,,,,,,,,,〇,,,,,,2
月壺,,,,,,,,,,,,,,,,,,,,,,,,,,,,,,,,,,,,,,,,,,,,,,,〇,,〇,,,,,,,,,,,,,,,,,,,2
化遊,,,,,,,,,,,,,,,,,,,,,〇,,,,,,,,,,,,,,,,,,,,,,,,,,,,,,,,,,,,,,,,,,,,,,,1
馬牧,,,,,,,,,,,,,,,,,,,,,〇,,,,,,,,,,,,,,,,,,,,,,,,,,,,,,,,,,,,,,,,,,,,,,,1
旭亭,,,,,,,,,,,,,,,,,,,,,〇,,,,,,,,,,,,,,,,,,,,,,,,,,,,,,,,,,,,,,,,,,,,,,,1
杉女,土呂(岡崎市),,,,,,,,,,,,,,,,,,,,,,,,,,,,,,,,,,,,,,,,,,,,,,,,,,,,,,,,,,,,,,,〇,,,,1
招亭,土呂(岡崎市),,,,,,,,,,,,,,,,,,,,,,,,,,,,,,,,,,,,,,,,,,,,,,,,,,,,,,,,,,,,,,,〇,,,,1
馬陵,今岡(刈谷市),,,,,,,,,,,,,,,,,,,,,,,,,,,,,,,,,,,,,,,,,,,,,,,,,,,,,,,,,,,,,,,〇,,,,1
周勢,岡崎(岡崎市),,,,,,,,,,,,,〇,,,,,,,,,,,,,,,,,,,,,,,,,,,,,,,,,,,,,,,,,,,,,,,,,,,,,,1
素州,岡崎(岡崎市),,,,,,,,,,,,,〇,,,,,,,,,,,,,,,,,,,,,,,,,,,,,,,,,,,,,,,,,,,,,,,,,,,,,,1
其谷,岡崎(岡崎市),,,,,,,,,,,,,〇,,,,,,,,,,,,,,,,,,,,,,,,,,,,,,,,,,,,,,,,,,,,,,,,,,,,,,1
仙李,岡崎(岡崎市),,,,,,,,,,,,,,,,,,,,,,,,,,,,,,,,,,,,,,,,,,,,,,,,,,,,,,,,,,,,,,,,,,,0
子近,岡崎(岡崎市),,,,,,,,,,,,,,,,,,,,,,,,,,,,,,,,,,,,,,,,,,,,,,,,,,,,,,,,,,,,,,,,,,,0
野草,刈谷(刈谷市),浜田与四郎,藩士,刈谷藩士,,,,,,,,,,,,,,,,,,,,,,,,,,,,,,,,,,,,,,,,,,,,,,,,,,,,,,,,,,〇,,,,,,1
荷染,吉田(豊橋市),,,,,,,,,,,,,,,,,,,,,,,,,,,,,,,,,,,,,,,,,,,,,,,,,,,,,,,,,,,,,〇,,,,,,1
柏秀,吉田(豊橋市),国右衛門,,,,,,,,,,,,,,,,,,,,,,,,,,,,,,,,,,,,,,,,,,,,〇,,,,,,,,,,,,,,,,〇,,,,,,2
東屋,吉田(豊橋市),良伯,,,,,,,,,,,,,,,,,,,,,,,,,,,,,,,,,,,,,,,,,,,,,,,,,,,,,,,,,,,,〇,,,,,,1
石吏,吉田(豊橋市),内田雪援,,,,,,,,,,,,,,,,,,,,,,,,,,,,,,,,,,,,,,,,,,,,,,,,,,,,,,,,,,,,〇,,,,,,1
石柯,梅坪(豊田市),杉浦吉衛門,,,,,,,,,,,,,,,,,,,,,,,,,,,,,,,,,,,,,,,,,,,,,,,,,,,,,,,,,,,,〇,,,,,,1
梅雪,神明町(豊田市),醫王院,僧,僧,,,,,,,,,,,,,,,,,,,,,,,,,,,,,,,,,,,,,,,,,,,,,,,,,,,,,,,,,,〇,,,,,,1
浦争,神明町(豊田市),大黒屋宇右衛門,,,,,,,,,,,,,,,,,,,,,,,,,,,,,,,,,,,,,,,,,,,,,,,,,,,,,,,,,,,,〇,,,,,,1
亀渕,国府(豊川市),平松次朗平,,,,,,,,,,,,,,,,,,,,,,,,,,,,,,,,,,,,,,,,,,,,,,,,,,,,,,,,,,,,〇,,,,,,1
湖巣,本町(足助町),藤井宗九郎,,,,,,,,,,,,,,,,,,,,,,,,,,,,,,,,,,,,,,,,,,,,,,,,,,,,,,,,,,,,〇,,,,,,1
尚石,田原(田原市),新実氏、西光寺,,,,,,,,,,,,,,,,,,,,,,,,,,,,,,,,,,,,,,,,,,,,,,,,,,,,,,,,,,,,〇,,,,,,1
寿三,荻原(西尾市),糟屋寿一郎,,,,,,,,,,,,,,,,,,,,,,,,,,,,,,,,,,,,,,,,,,,,,,,,,,,,,,,,,,,,〇,,,,,,1
李友,荻原(西尾市),糟屋伝次郎,,,,,,,,,,,,,,,,,,,,,,,,,,,,,,,,,,,,,,,,,,,,,,,,,,,,,,,,,,,,〇,,,,,,1
登岳,寺部(豊田市),松本又右衛門,,,,,,,,,,,,,,,,,,,,,,,,,,,,,,,,,,,,,,,,,,,,,,,,,,,,,,,,,,,,〇,,,,,,1
可作,田町(豊橋市),権平,煙草屋,煙草屋,,,,,,,,,,,,,,,,,,,,,,,,,,,,,,,,,,,,,,,,,,,,,,,,,,,,,,,,,,〇,,,,,,1
友信,作島(西尾市),筒井友次郎,,,,,,,,,,,,,,,,,,,,,,,,,,,,,,,,,,,,,,,,,,,,,,,,,,,,,,,,,,,,〇,,,,,,1
雅一,城内(岡崎市),長尾応次朗,藩士,岡崎藩士,,岡崎藩分限帳に記載あり,,,,,,,,,,,,,,,,,,,,,,,,,,,,,,,,,,,,,,,,,,,,,,,,,,,,,,,,〇,,,,,,1
桃半,城内(岡崎市),塩田多蔵,藩士,岡崎藩士,,岡崎藩分限帳に記載あり,,,,,,,,,,,,,,,,,,,,,,,,,,,,,,,,,,,,,,,,,,,,,,,,,,,,,,,,〇,,,,,,1
耳節,上町(西尾市),守山俊平,,,,,,,,,,,,,,,,,,,,,,,,,,,,,,,,,,,,,,,,,,,,,,,,,,,,,,,,,,,,〇,,,,,,1
桂甫,田町(豊橋市),浅井庄左衛門,,,,,,,,,,,,,,,,,,,,,,,,,,,,,,,,,,,,,,,,,,,,,,,,,,,,,,,,,,,,〇,,,,,,1
寧哉,本除(知立市),永田清兵衛,,,,,,,,,,,,,,,,,,,,,,,,,,,,,,,,,,,,,,,,,,,,,,,,,,,,,,,,,,,,〇,,,,,,1
秀甫,梅坪(豊田市),杉浦次右衛門,,,,,,,,,,,,,,,,,,,,,,,,,,,,,,,,,,,,,,,,,,,,,,,,,,,,,,,,,,,,〇,,,,,,1
三暁,梅坪(豊田市),杉浦〇太郎,,,,,,,,,,,,,,,,,,,,,,,,,,,,,,,,,,,,,,,,,,,,,,,,,,,,,,,,,,,,〇,,,,,,1
金寿,梅坪(豊田市),大田七右衛門,,,,,,,,,,,,,,,,,,,,,,,,,,,,,,,,,,,,,,,,,,,,,,,,,,,,,,,,,,,,〇,,,,,,1
一秀,城内(岡崎市),宇津川三右衛門,藩士,岡崎藩士,,岡崎藩分限帳に記載あり,,,,,,,,,,,,,,,,,,,,,,,,,,,,,,,,,,,,,,,,,,,,,,,,,,,,,,,,〇,,,,,,1
星河,城内(岡崎？),松本庄兵衛,藩士,藩士,,,,,,,,,,,,,,,,,,,,,,,,,,,,,,,,,,,,,,,,,,,,,,,,,,,,,,,,,,〇,,,,,,1
梅岳,坂崎村(幸田町),平岩源兵衛,,,,,,,,,,,,,,,,,,,,,,,,,,,,,,,,,,,,,,,,,,,,,,,,,,,,,,,,,,,,〇,,,,,,1
吟月,西浜(豊橋市),杉浦善太郎,,,,,,,,,,,,,,,,,,,,,,,,,,,,,,,,,,,,,,,,,,,,,,,,,,,,,,,,,,,,〇,,,,,,1
有笠,西浜(豊橋市),杉浦為蔵,,,,,,,,,,,,,,,,,,,,,,,,,,,,,,,,,,,,,,,,,,,,,,,,,,,,,,,,,,,,〇,,,,,,1
漱石,西浜(豊橋市),中川周治,,,,,,,,,,,,,,,,,,,,,,,,,,,,,,,,,,,,,,,,,,,,,,,,,,,,,,,,,,,,〇,,,,,,1
常麿,宮崎(岡崎市),伝正院,僧,僧,文政以前,,,,,,,,,,,,,,,,,,,,,,,,,,,,,,,,,,,,,,,,,,,,,,,,,,,,,,,,,〇,,,,,,1
文青,宮崎(岡崎市),河野玄秀,,,,,,,,,,,,,,,,,,,,,,,,,,,,,,,,,,,,,,,,,,,,,,,,,,,,,,,,,,,,〇,,,,,,1
琴松,宮崎(岡崎市),嘉平,,,,,,,,,,,,,,,,,,,,,,,,,,,,,,,,,,,,,,,,,,,,,,,,,,,,,,,,,,,,〇,,,,,,1
射重,中垣内(豊田市),百代屋小三郎,,,,,,,,,,,,,,,,,,,,,,,,,,,,,,,,,,,,,,,,,,,,,,,,,,,,,,,,,,,,〇,,,,,,1
隠手,作島(西尾市),伊東久兵衛、清風亭,,,,,,,,,,,,,,,,,,,,,,,,,,,,,,,,,,,,,,,,,,,,,,,,,,,,,,,,,,,,〇,,,,,,1
眉山,大浜(碧南市),馬島鹿太郎,,,,,,,,,,,,,,,,,,,,,,,,,,,,,,,,,,,,,,,,,,,,,,,,,,,,,,,,,,,,〇,,,,,,1
何句,城内(岡崎？),吉田清五郎,藩士,藩士,,,,,,,,,,,,,,,,,,,,,,,,,,,,,,,,,,,,,,,,,,,,,,,,,,,,,,,,,,〇,,,,,,1
虎明,城内(岡崎？),浅見虎〇,藩士,藩士,,,,,,,,,,,,,,,,,,,,,,,,,,,,,,,,,,,,,,,,,,,,,,,,,,,,,,,,,,〇,,,,,,1
臥龍,城内(岡崎？),高島与大夫,藩士,藩士,,,,,,,,,,,,,,,,,,,,,,,,,,,,,,,,,,,,,,,,,,,,,,,,,,,,,,,,,,〇,,,,,,1
真菅,小川村(安城市),菅沼八左衛門,,,,,,,,,,,,,,,,,,,,,,,,,,,,,,,,,,,,,,,,,,,,,,,,,,,,,,,,,,,,〇,,,,,,1
竜谷(守道),札木(豊橋市),相屋清介、海老宿,,宿屋？,,,,,,,,,,,,,,,,,,,,,,,,,,,,,,,,,,,,,,,,,,,,,,,,,,,,,,,,,,〇,,,,,,1
孤呈,荒井村(豊田市),田中谷七,,,,,,,,,,,,,,,,,,,,,,,,,,,,,,,,,,,,,,,,,,,,,,,,,,,,,,,,,,,,〇,,,,,,1
沙菜,魚町(豊橋市),白井清兵衛,,,,,,,,,,,,,,,,,,,,,,,,,,,,,,,,,,,,,,,,,,,,,,,,,,,,,,,,,,,,〇,,,,,,1
可禾(雨山),城内(岡崎？),藤戸吉弥,藩士,藩士,,,,,,,,,,,,,,,,,,,,,,,,,,,,,,,,,,,,,,,,,,,,,,,,,,,,,,,,,,〇,,,,,,1
北竜,城内(岡崎？),種村給也,藩士,藩士,,,,,,,,,,,,,,,,,,,,,,,,,,,,,,,,,,,,,,,,,,,,,,,,,,,,,,,,,,〇,,,,,,1
教二,金屋(豊川市),中尾教二,,,,,,,,,,,,,,,,,,,,,,,,,,,,,,,,,,,,,,,,,,,,,,,,,,,,,,,,,,,,〇,,,,,,1
芦笙,鳳来寺(新城市),梅屋与七,,,,,,,,,,,,,,,,,,,,,,,,,,,,,,,,,,,,,,,,,,,,,,,,,,,,,,,,,,,,〇,,,,,,1
兎秋,刈谷(刈谷市),浜島殊右衛門,藩士,刈谷藩士,,,,,,,,,,,,,,,,,,,,,,,,,,,,,,,,,,,,,,,,,,,,,,,,,,,,,,,,,,〇,,,,,,1
呼石,岡崎(岡崎市),瀧尾栄太夫,藩士,岡崎藩士,,,,,,,,,,,,,,,,,,,,,,,,,,,,,,,,,,,,,,,,,,,,,,,,,,,,,,,,,,〇,,,,,,1
篤司,萩平(豊田市),宇野徳次,,,,,,,,,,,,,,,,,,,,,,,,,,,,,,,,,,,,,,,,,,,,,,,,,,,,,,,,,,,,〇,,,,,,1
枳雪,岡崎(岡崎市),吉田鉄六,藩士,岡崎藩士,,,,,,,,,,,,,,,,,,,,,,,,,,,,,,,,,,,,,,,,,,,,,,,,,,,,,,,,,,〇,,,,,,1
山臺,岡崎(岡崎市),星田両助,藩士,岡崎藩士,,,,,,,,,,,,,,,,,,,,,,,,,,,,,,,,,,,,,,,,,,,,,,,,,,,,,,,,,,〇,,,,,,1
雉水,岡崎(岡崎市),三原綱次郎,藩士,岡崎藩士,,,,,,,,,,,,,,,,,,,,,,,,,,,,,,,,,,,,,,,,,,,,,,,,,,,,,,,,,,〇,,,,,,1
李雷,竹村(豊田市),鈴木新左衛門,,,,,,,,,,,,,,,,,,,,,,,,,,,,,,,,,,,,,,,,,,,,,,,,,,,,,,,,,,,,〇,,,,,,1
杞水,新堀村(岡崎市),大岡幸八,,,,,,,,,,,,,,,,,,,,,,,,,,,,,,,,,,,,,,,,,,,,,,,,,,,,,,,,,,,,〇,,,,,,1
枳風,新堀村(岡崎市),藤〇左右衛門,,,,,,,,,,,,,,,,,,,,,,,,,,,,,,,,,,,,,,,,,,,,,,,,,,,,,,,,,,,,〇,,,,,,1
里翫(李幹),押鴨(豊田市),杉本〇兵衛,,,,,,,,,,,,,,,,,,,,,,,,,,,,,,,,,,,,,,,,,,,,,,,,,,,,,,,,,,,,〇,,,,,,1
里秀,押鴨(豊田市),長谷川〇右衛門,,,,,,,,,,,,,,,,,,,,,,,,,,,,,,,,,,,,,,,,,,,,,,,,,,,,,,,,,,,,〇,,,,,,1
里鴻,押鴨(豊田市),俵藤松兵衛,,,,,,,,,,,,,,,,,,,,,,,,,,,,,,,,,,,,,,,,,,,,,,,,,,,,,,,,,,,,〇,,,,,,1
近嶺,刈谷(刈谷市),高本利介,,,,,,,,,,,,,,,,,,,,,,,,,,,,,,,,,,,,,,,,,,,,,,,,,,,,,,,,,,,,〇,,,,,,1
芦南,向河原(豊川市),山本屋久介,,,,,,,,,,,,,,,,,,,,,,,,,,,,,,,,,,,,,,,,,,,,,,,,,,,,,,,,,,,,〇,,,,,,1
足道,西境(刈谷市),加藤喜兵衛,,,,,,,,,,,,,,,,,,,,,,,,,,,,,,,,,,,,,,,,,,,,,,,,,,,,,,,,,,,,〇,,,,,,1
第梧,新町(豊橋市),後部源助,,,,,,,,,,,,,,,,,,,,,,,,,,,,,,,,,,,,,,,,,,,,,,,,,,,,,,,,,,,,〇,,,,,,1
白逢(茶石),深溝(幸田町),兼子又十郎,,,,,,,,,,,,,,,,,,,,,,,,,,,,,,,,,,,,,,,,,,,,,,,,,,,,,,,,,,,,〇,,,,,,1
流川,東境(刈谷市),江波左兵衛,,,,,,,,,,,,,,,,,,,,,,,,,,,,,,,,,,,,,,,,,,,,,,,,,,,,,,,,,,,,〇,,,,,,1
雪喰,牛久保中町(豊川市),清水屋源七,,,,,,,,,,,,,,,,,,,,,,,,,,,,,,,,,,,,,,,,,,,,,,,,,,,,,,,,,,,,,,,,,,0
五禄,札木町(豊橋市),小田五郎作,,,,,,,,,,,,,,,,,,,,,,,,,,,,,,,,,,,,,,,,,,,,,,,,,,,,,,,,,,,,,,,,,,0
宣彦,大久伝(豊明市),兼子宜彦,,,明治6年(82歳),秋挙門人、在原寺にて出家(義玄),,,,,,,,,,,,,,,,,,,,,,,,,,,,,,,,,,,,,,,,〇,,,,,,,,,,,〇,,,,,,,,,,,2
公雅,刈谷(刈谷市),高須新八,藩士,刈谷藩士,嘉永5年(56歳),秋挙門下,,,,,,,,,,,,,,,,,,,,,,,,,,,,,,,,,,,,,,,〇,〇,,,,,,,〇,,,,〇,,,,,〇,,〇,,,,6
楳老/梅堂,大浜東浦(碧南市),中根楳老,,,天保12年(57歳),,,,,,,,,,〇,,〇,,,,,,,,,,,,〇,,,,,,,〇,,,,,,〇,,,〇,〇,,,,,,〇,〇,,〇,,〇,〇,,〇,,,,〇,,,,14
流芝,隨念寺門前(岡崎市),大和屋源右衛門(鈴木氏),,,嘉永元年,卓池門下,,,,,,,,,,,,,,,,,,,,,,,,,,,,,,,,,,,,,,,,〇,,,,,,〇,〇,,,,〇,〇,,,,,,,,,,5
青可,寺部(豊田市),都築新八郎、虚心斎,藩士,藩士,,,,,,,,,,,,,,,,,,〇,,,,,,,,,,,,,,,,,,,,,,,,,,,,,,,,,,,〇,〇,,〇,,,,,,,,4
方鼎,刈谷(刈谷市),宍戸隆喜,医者,藩侍医,文政13年(53歳),秋挙門下,,,,,,,,,,,,,,,,,,,,,,,,,,,,,,,,,,,,,,,〇,〇,,,,,,,〇,,,,〇,〇,,,,,,〇,,,,6
秋良,国府(豊川市),中村屋五右衛門,,,,,,,,,,,,,,,,,,,,,,,,,,,,,,,,,,,,,,,,,,,,,,,,,,,,,,,〇,,,,,〇,,,,,,2
和楽,和泉(安城市),都築和楽(弥厚),,,,,,,,,,,,,〇,,〇,,〇,,〇,,,,〇,,,,,,,,,,,〇,,,,,,,〇,,〇,〇,,,,,,,〇,,,,〇,〇,,〇,,,,〇,〇,,,15
茂陵,刈谷(刈谷市),加藤新右衛門、泉屋,,,弘化3年(59歳),,,,,,,,,,,,,,,,,,,,,,,,,,,,,,,,,,,,,,,,〇,〇,,,,,,,〇,,,,〇,〇,,,,〇,,〇,,,,7
塞馬(巴州),本町(足助町),板倉塞馬、一庵,味噌商,味噌商,慶応3年(80歳),足助の中心人物,,,,,,,,,,,,,,,,,,,,,,,,,,,,,,,,,,,,,,,,〇,,,,,,〇,,,,,〇,,,,,,,,,,,3
波文,籠田町(岡崎市),山本嘉蔵、麦雲舎,庄屋,籠田町庄屋,明治4年(70歳),,,,,,,,,,,,,,,,,,,,,,,,,,,,,,,,,,,,,,,,,,,,,,,〇,,,,,〇,〇,,,,,,,,,,3
羅城,高取(高浜市),兵頭専吾,,,,暁台門下,,,,,,,,,,,,,,,,,,,,,,,,,,,,,,,,,,,,,,,,,,,〇,,,,,,,,〇,,,,,〇,,,,,,3
朱芳,岡崎(岡崎市),,,,,,,,,,,,,,,,,,,,,,,,,,,,,,,,,,,,,,,,,,,,,〇,,,,,,〇,〇,,,,〇,〇,,,,,〇,,,,,6
耳簫,犬ヶ坪(刈谷市),清水利助,,,,,,,,,,,,,,,,,,,,,,,,,,,,,,,,,,,,,,,,,,,,,,,,,,,,,,,〇,,,,,,,,,,,1
守鴎,坂崎村(幸田町),山本弥惣八,,,,,,,,,,,,,,,,,,,,,,,,,,,,,,,,,,,,,,,,,,,,〇,,,,,,,,,,,〇,〇,,,,〇,,,,,,4
蘭所,田町(足助町),小出才兵衛,,,,,,,,,,,,,,,,,,,,,,,,,,,,,,,,,,,,,,,,,,,,〇,,,,,,,,,〇,,〇,,,,,,,,,,,3
逢中,知立(知立市),竹内四郎兵衛,,,,,,,,,,,,,,,,,,,,,,,,,,,,,,,,,,,,,,,,,,,,,,,,,,,,,,,〇,,,,,〇,,,,,,2
赤守(水竹),西町(豊橋市),福谷世黄,油屋,油屋,嘉永3年(64歳),佐野逢宇の父、浄土寺に葬られる,,,,,,,,,,,,,,,,,,,,,,,,,,,,,,,,,,,,,〇,,,〇,〇,〇,〇,〇,,〇,〇,,〇,,〇,〇,〇,〇,,,,,,,,13
松車,坂崎村(幸田町),成瀬九郎治,,,,,,,,,,,,,,,,,,,,,,,,,,,,,,,,,,,,,,,,,,,,〇,,,,,,,,,,,〇,〇,,,,〇,,,,,,4
欽哉,足助(足助町),,,,,,,,,,,,,,,,,,,,,,,,,,,,,,,,,,,,,,,,,,,,,〇,,,,,,,,,〇,,〇,〇,,,,,,,,,,4
梅岳,坂崎村(幸田町),平岩源兵衛、一壺斎,,,,,,,,,,,,,,,,,,,,,,,,,,,,,,,,,,,,,,,,,,,,,,,,,,,,,,,〇,〇,,,,,,,,,,2
観静,知立(知立市),富田七郎左衛門、清幽桜,,,,,,,,,,,,〇,,,,,,,〇,,,,,,,,,,,,,,,,,,,,,,,,,〇,,,,,,,〇,,,,〇,,,,,,,,,,,5
大巣,阿久比(知多郡),高橋氏,,,,,,,,,,,,,,,,,,,,,,,,,,,,,,,,,,,,,,,,,,,,,,,,,,,,,,,〇,,,,,,,,,,,1
黄居,吉田(豊橋市),,,,,,,,,,,,,,,,,,,,,,,,,,,,,,,,,,,,,,,,,,,,,,,,,,,,〇,,,,〇,〇,,,,,,,,,,3
阿籟,有松(名古屋市緑区),,,,,秋挙門下,,,,,,,,,,,,,,,,,,,,,,,,,,,,,,,,,,,,,,,,〇,,,,,,,,,,,〇,,,,,,,,,,,2
氷角,岡崎(岡崎市),岡村是蔵,藩士,岡崎藩士,天保14年,,,,,,,,,,,,,,,,,,,,,,,,,,,,,,,,,,,,,,,,,〇,,,,,,,〇,,,,〇,〇,,,,,,,,,,4
藤架,鳴海(名古屋市緑区),,,,,,,,,,,,,,,,,,,,,,,,,,,,,,,,,,,,,,,,,,,,,〇,,,,,,,,,,,〇,,,,,,,,,,,2
桃里,野田(刈谷市),昌福寺,僧,僧,,,,,,,,,,,,,,,,,,,,,,,,,,,,,,,,,,,,,,,,,,〇,,,,,,,〇,,,,〇,,,,,,,,,,,3
渭川,有松(名古屋市緑区),,,,,,,,,,,,,,,,,,,,,,,,,,,,,,,,,,,,〇,,,,,,,,,〇,,,,,,,,,,,〇,,,,,,,〇,,,,4
保舟,松江(碧南市),国松保舟,,,,士郎門下,,,,,,,,,,,〇,,,,,,,,,,,,,,,,,,,,,,,,,,,,〇,〇,,,,,,,〇,,,,〇,〇,,〇,,,,〇,,,,8
甫鶴,,,,,,,,,,,,,,,,,,,,,,,,,,,,,,,,,,,,,,,,,,,,,,〇,,,,,,,,,,,〇,,,,,,,,,,,2
一武,横須賀(東海市),,,,,,,,,,,,,,,,,,,,,,,,,,,,,,,,,,,,,,,,,,,,,,,,,,,,,,,,〇,,,,,,,,,,,1
東雅,小垣江(刈谷市),鶴見東雅,,,,士郎門下,,,,,,,,,,,,,,,〇,,,,,,,,,,,,,,,,,,〇,,,,,,〇,〇,,〇,,,,,〇,,〇,,〇,,,,,,,〇,,,,9
平斎,坂崎村(幸田町),,,,,,,,,,,,,,,,,,,,,,,,,,,,,,,,,,,,,,,,,,,,,,,,,,,,,,,,〇,,,,,,,,,,,1
呂文,高岡村中根(豊田市),山本嘉兵衛,,,文政11年(65歳),,,,,,,,,,,,,,,,,,,,,,,,,,,,,,,,,,,,,,,,,,,,,,,,〇,,,,〇,,,,〇,,,,,,,3
仮物,刈谷(刈谷市),二宮伊兵衛,藩士,刈谷藩士,,,,,,,,,,,,,,,,,,,,,,,,,,,,,,,,,,,,,,,,,,,,,,,,,〇,,,,〇,,,,,〇,,,,,,3
山石,刈谷(刈谷市),竹中岩吉,,,,,,,,,,,,,,,,,,,,,,,,,,,,,,,,,,,,,〇,,,,,,,,,,,,,,,,,,〇,〇,,,,〇,,,,,,4
九梟,,,,,,,,,,,,,,,,,,,,,,,,,,,,,,,,,,,,,,,,,,,,,,,,,,,,,,,〇,,〇,,,,,,,,,,,2
巨春,常滑(常滑市),,,,,,,,,,,,,,,,,,,,,,,,,,,,,,,,,,,,,,,,,,,,,,,,,,,,,,,,〇,,,,,,,,,,,1
巣李,田町(岡崎市),松岡幸吉,,,,,,,,,,,,,,,,,,,,,,,,,,,,,,,,,,,,,,,,,,,,〇,,,,,,,〇,,,,〇,,,,,,,,,,,3
達堂,岡崎(岡崎市),石川達堂,画家,画家,安政6年(79歳),十王寺西照寺に墓碑あり,,,,,,,,,,,,,,,,,,,,,,,,,,,,,,,,,,,,,,,,,,,,,,,〇,,,,〇,,,,,,,,,,,2
稲居,坂崎村(幸田町),平岩与一郎、風蝉舎,代官,陣屋代官,73歳没,,,,,,,,,,,,,,,,,,,,,,,,,,,,,,,,,,,,,,,,,,,,,,,,,,,,〇,〇,,,,〇,,,,,,3
霞谷,東境(刈谷市),加藤喜兵衛,,,,,,,,,,,,,,,,,,,,,,,,,,,,,,,,,,,,,,,,,,,,,,,,,,,,,〇,,〇,〇,,,,,,,,,,3
守拙,刈谷(刈谷市),加藤新吉、白木屋,,,,茂陵の兄,,,,,,,,,,,,,,,,,,,,,,,,,,,,,,,,,,,,,,,,,,,,,,,,,,,〇,,,,,〇,,,,,,2
守静,小垣江(刈谷市),〇見友吉,,,,,,,,,,,,,,,,,,,,,,,,,,,,,,,,,,,,,,,,,,,,,,,,,,,〇,,,,〇,,,,,〇,,,,,,3
揚秀,小垣江(刈谷市),常七,,,,,,,,,,,,,,,,,,,,,,,,,,,,,,,,,,,,,,,,,,,,,,,,,,,〇,,,,,,,,,〇,,,,,,2
喬松,,,,,,,,,,,,,,,,,,,,,,,,,,,,,,,,,,,,,,,,,,,,,,,,,,,,,,,,,〇,,,,,,,,,,,1
卧明,刈谷(刈谷市),熊木孫兵衛,,,,秋挙門下,,,,,,,,,,,,,,,,,,,,,,,,,,,,,,,,,,,,,,,〇,,,,,,,,,,,,〇,,,,,,,〇,,,,3
敬之,,,,,,,,,,,,,,,,,,,,,,,,,,,,,,,,,,,,,,,,,,,,,,〇,,,,,,,〇,,,,〇,,,,,,,,,,,3
桂寿,東境(刈谷市),加藤氏,,,天保11年(67歳),士郎門下,,,,,,,,,,,,,,,〇,,,,,,,,,,,,,,,〇,,,,,,,,,〇,〇,,,,,,,〇,,,,〇,,,,,,,〇,,,,7
楚岳,,加藤十左衛門,,,,,,,,,,,,,,,,,,,,,,,,,,,,,,,,,,,,,,,,,,,,〇,,,,,,,〇,,,,〇,,,〇,,,,,,,,4
佳雄,中根新田(西尾市),都筑三津四郎,,,,都築玉淵(曲江)と同一人物？,,,,,,,,,〇,,〇,,〇,,〇,,,〇,〇,,,,,,,,,,,,,,,,,,,,,,,,,,,,,,〇,,〇,,,,,〇,,,,,,9
桐屏,和泉(安城市),都築三郎兵衛,,,嘉永3年,,,,,,,,,,〇,,〇,,,,,,,,,,,,〇,,,〇,,,,,〇,,,,,,,,〇,〇,,,,,,,,,〇,,〇,,,,,,,〇,,,,10
南畝,東浦(碧南市),本間修之輔,,,,本間修吾の息子,,,,,,,,,,,,,,,,,,,,,,,,,,,,,,,,,,,,,,,,,,,,,,,,,,,〇,〇,,,,〇,,,,,,3
菊圃,大浜東浦(碧南市),,,,,中根又左衛門(楳老)の息子,,,,,,,,,,,,,,,,,,,,,,,,,,,,,,,,,,,,,,,,,,,,,,,,,〇,,〇,〇,,,,,,,,,,3
呉江,荻原(吉良町),平野氏,,,,,,,,,,,,,,,,,,,,,,,,,,,,,,,,,,,,,,,,,,,,,,,,,,,,,,,〇,,,,,,,,,,,1
士徳,,,,,,,,,,,,,,,,,,,,,,,,,,,,,,,,,,,,,,,,,,,,,,,,,,,,,,,,,〇,,,,,,,,,,,1
巴東,,浜島氏,,,,,,,,,,,,,,,,,,,,,,,,,,,,,,,,,,,,,,,,,,,,,,,,,,,,,,,〇,,,,,,,,,,,1
支方,知多大野(常滑市),,僧,光明寺院主,,,,,,,,,,,,,,,,,,,,,,,,,,,,,,,,,,,,,,,,,,,,,,,,,,,,,〇,,,,,,,,,,,1
禹足,,,,,,,,,,,,,,,,,,,,,,,,,,,,,,,,,,,,,,,,,,,,,,,,,,,,,,,,,〇,,,,,,,,,,,1
魯角,大久伝(豊明市),,,,,,,,,,,,,,,,,,,,,,,,,,,,,,,,,,,,,,,,,,,,,〇,,,,,,,,,,,〇,,,,,,,,,,,2
楚城,西境(刈谷市),加藤新右衛門,,,,楚岳の子か,,,,,,,,,,,,,,,,,,,,,,,,,,,,,,,,,,,,,,,〇,〇,,,,,,,〇,,,,〇,,,,,,,〇,,,,5
貞幹,,浅井氏,医師,医師,明治10年(67歳),,,,,,,,,,,,,,,,,,,,,,,,,,,,,,,,,,,,,,,,,,,,,,,,,,,,〇,,,,,,,,,,,1
扈言,,,,,,,,,,,,,,,,,,,,,,,,,,,,,,,,,,,,,,,,,,,,,,,,,,,,,〇,,,,〇,,,,,,,,,,,2
禾考,挙母(豊田市),,煙草屋,煙草屋,,,,,,,,,,,,,,,,,,,,,,,,,,,,,,,,,,,,,,,,,,,,,,,,,〇,,,,〇,,,,,〇,,,,,,3
士様,鷲塚(碧南市),柳原徳右衛門,木綿屋,木綿屋,,,,,,,,,,,,,,,,,,,,,,,,,,,,,,,,,,,,,,,,,,,,,,,,,,,,,〇,,,,,〇,,,,,,2
守山,上町(新城市),赤谷勘右衛門,,,,,,,,,,,,,,,,,〇,〇,,,〇,,,,〇,〇,,,,,,,〇,,,,,,,,,,,,,,,,,,〇,,,,〇,,,,,,,,,〇,,9
麗中,岡崎(岡崎市),,,,,,,,,,,,,,,,,,,,,,,,,,,,,,,,,,,,,,,,,,,,,,,,〇,,,,〇,,,,〇,〇,,,,,,,,,,4
茅生女,,,,,,,,,,,,,,,,,,,,,,,,,,,,,,,,,,,,,,,,,,,,,,,,,,,,,,,,,〇,,,,,,,,,,,1
待亮,川島(安城市),加藤常八,,,文政以前,,,,,,,,,,,,,,,,,,,,,,,,,,,〇,,,,,,,,,,,〇,,,〇,〇,〇,〇,,,,,,,,〇,〇,,,,〇,〇,,,〇,,11
逢雨,,,,,,,,,,,,,,,,,,,,,,,,,,,,,,,,,,,,,,,,,,,,,,,,,,,,,〇,,,,〇,〇,,,,,,,,,,3
遊鳧,田町(足助町),宮川与市右衛門,,,,,,,,,,,,,,,,,,,,,,,,,,,,,,,,,,,,,,,,,,,,,,,,,,,,,,,〇,〇,,,,,,,,,,2
一馬,宇頭(岡崎市),,,,,,,,,,,,,,,,,,,,,,,,,,,,,,,,,,,,,,,,,,,,,,,,,,,,〇,,,,〇,〇,,,,,,,,,,3
蒼吾,刈谷(刈谷市),太田平右衛門正行,,,,,,,,,,,,,,,,,,,,,,,,,,,,,,,,,,,,,,,,,,,〇,〇,,,,,,,,,,,〇,,,,,,,〇,,,,4
尋三,,,,,,,,,,,,,,,,,,,,,,,,,,,,,,,,,,,,,,,,,,,,,,,,,,,,,〇,,,,,,,,,,,,,,,1
鶯樹,,,,,,,,,,,,,,,,,,,,,,,,,,,,,,,,,,,,,,,,,,,,,,,,,,,,,〇,,,,,,,,,,,,,,,1
六龍,,,,,,,,,,,,,,,,,,,,,,,,,,,,,,,,,,,,,,,,,,,,,,,,,,,,,〇,,,,,,,,,,,,,,,1
素菜,,,,,,,,,,,,,,,〇,,,,,,,,,,,,,,,,,,,,,,,,,,,,,,,,,,,,,,,,,,,,,,,,,,,,,1
東石,十王町(岡崎市),平松伝五郎,穀屋,穀屋,,,,,,,,,,,,,,,,,,,,,,,,,,,,,,,,,,,,,,,,,,,,,,,,,,,,,,,,,,,,,,,,0
六蝉,伝馬町(岡崎市),香川小兵衛,花屋,花屋,,,,,,,,,,,,,,,,,,,,,,,,,,,,,,,,,,,,,,,,,,,,,,,,,,,,,,,,,,,,,,,,0
五蓼,岡崎(岡崎市),鈴木氏,,,,,,,,,,,,,,,,,,,,,,,,,,,,,,,,,,,,,,,,,,,,,,,,,,,,,,,,,,,,,,,,,,0
秋橘,岡崎(岡崎市),岡本氏,,,,,,,,,,,,,,,,,,,,,,,,,,,,,,,,,,,,,,,,,,,,,,,,,,,,,,,,,,,,,,,,,,0
二青,伝馬町(岡崎市),杉山半三郎,宿屋,旅籠屋,,,,,,,,,,,,,,,,,,,,,,,,,,,,,,,,,,,,,,,,,,,,,,,,,,,,,,,,,,,,,,,,0
淵月,十王町(岡崎市),,僧,西照寺住職,,,,,,,,,,,,,,,,,,,,,,,,,,,,,,,,,,,,,,,,,,,,,,,,,,,,,,,,,,,,,,,,0
惟一,連尺町(岡崎市),千賀伝右衛門,呉服商,呉服商大島屋,明治23年(78歳),,,,,,,,,,,,,,,,,,,,,,,,,,,,,,,,,,,,,,,,,,,,,,,,,,,,,,,,,,,,,,,0
其一,明大寺町(岡崎市),林甚左衛門,紺屋,紺屋,,,,,,,,,,,,,,,,,,,,,,,,,,,,,,,,,,,,,,,,,,,,,,,,,,,,,,,,,,,,,,,,0
汝篁,岡崎(岡崎市),青山新吾,,,明治11年,,,,,,,,,,,,,,,,,,,,,,,,,,,,,,,,,,,,,,,,,,,,,,,,,,,,,,,,,,,,,,,0
仙車,伝馬町(岡崎市),高木氏,,,,,,,,,,,,,,,,,,,,,,,,,,,,,,,,,,,,,,,,,,,,,,,,,,,,,,,,,,,,,,,,,,0
鼠袋,能見町(岡崎市),杉山氏,蝋燭屋,蝋燭屋,,,,,,,,,,,,,,,,,,,,,,,,,,,,,,,,,,,,,,,,,,,,,,,,,,,,,,,,,,,,,,,,0
携丘,土呂(岡崎市),岩瀬敬介,医師,医師,嘉永3年(47歳),,,,,,,,,,,,,,,,,,,,,,,,,,,,,,,,,,,,,,,,,,,,,,,,,,,,,,,,,〇,,,,,,1
畝曲,新堀村(岡崎市),深見重兵衛、青見堂,,,,,,,,,,,,,,,,,,,,,,,,,,,,,,,,,,,,,,,,,,,,,,,,,,,,,,,,,,,,〇,,,,,,1
吾竹,槌木村(矢作橋付近),田中弥三郎,,,,,,,,,,,,,,,,,,,,,,,,,,,,,,,,,,,,,,,,,,,,,,,,,,,,,,,,,,,,〇,,,,,,1
里敬,下村新郷(碧海郡),毛受立三,,,,,,,,,,,,,,,,,,,,,,,,,,,,,,,,,,,,,,,,,,,,,,,,,,,,,,,,,,,,〇,,,,,,1
枝墨,鳥羽村(西尾市),鈴木郡兵衛,,,,,,,,,,,,,,,,,,,,,,,,,,,,,,,,,,,,,,,,,,,,,,,,,,,,,,,,,,,,,,,,,,0
蘇雲,鳥羽村(西尾市),深谷利兵衛,,,,,,,,,,,,,,,,,,,,,,,,,,,,,,,,,,,,,,,,,,,,,,,,,,,,,,,,,,,,,,,,,,0
鷲洞,加茂郡,菅沼彦右衛門、雪広舎,代官,加茂郡代官,慶応元年,,,,,,,,,,,,,,,,,,,,,,,,,,,,,,,,,,,,,,,,,,,,,,,,,,,,,,,,,〇,,,,,,1
洗竹,本町(足助町),鈴木利蔵,紙屋,紙屋,,,,,,,,,,,,,,,,,,,,,,,,,,,,,,,,,,,,,,,,,,,,,,,,,,,,,,,,,,,,,,,,0
蓬宇,本町(豊橋市),佐野草介,饅頭屋,饅頭屋,明治28年(87歳),,,,,,,,,,,,,,,,,,,,,,,,,,,,,,,,,,,,,,,,,,,,,,,,,,,,,,,,,〇,,,,,,1
規外,八丁曲尺手門(豊橋市),水野省三郎,藩士,吉田藩士,,,,,,,,,,,,,,,,,,,,,,,,,,,,,,,,,,,,,,,,,,,,,,,,,,,,,,,,,,,,,,,,0
石屏,西町(豊橋市),川根善之助,穀屋,穀屋,,,,,,,,,,,,,,,,,,,,,,,,,,,,,,,,,,,,,,,,,,,,,,,,,,,,,,,,,,,,,,,,0
玉養,魚町(豊橋市),塩屋忠士郎,,,,,,,,,,,,,,,,,,,,,,,,,,,,,,,,,,,,,,,,,,,,,,,,,,,,,,,,,,,,,,,,,,0
桑眉,上伝馬町(豊橋市),阿波屋,,,,,,,,,,,,,,,,,,,,,,,,,,,,,,,,,,,,,,,,,,,,,,,,,,,,,,,,〇,,,,,,,,,,1
飛雪,本町(豊橋市),内藤源蔵,金物商,金物商,明治18年,,,,,,,,,,,,,,,,,,,,,,,,,,,,,,,,,,,,,,,,,,,,,,,,,,,,,,,,,,,,,,,0
鶴所,札木町(豊橋市),松井源八,,,,,,,,,,,,,,,,,,,,,,,,,,,,,,,,,,,,,,,,,,,,,,,,,,,,,,,,,,,,,,,,,,0
雪斗,札木町(豊橋市),小原瀬兵衛,,,,,,,,,,,,,,,,,,,,,,,,,,,,,,,,,,,,,,,,,,,,,,,,,,,,,,,,,,,,,,,,,,0
几藤,札木町(豊橋市),藤屋弥吉,,,,,,,,,,,,,,,,,,,,,,,,,,,,,,,,,,,,,,,,,,,,,,,,,,,,,,,,,,,,,,,,,,0
寛備,竜拓寺横町(豊橋市),安形大隅,,,,,,,,,,,,,,,,,,,,,,,,,,,,,,,,,,,,,,,,,,,,,,,,,,,,,,,,,,,,,,,,,,0
月杵,油屋横町(豊橋市),杵屋佐助,,,,,,,,,,,,,,,,,,,,,,,,,,,,,,,,,,,,,,,,,,,,,,,,,,,,,,,,,,,,,,,,,,0
弟梧,新町(豊橋市),服部源助,,,,,,,,,,,,,,,,,,,,,,,,,,,,,,,,,,,,,,,,,,,,,,,,,,,,,,,,,,,,,,,,,,0
松似,本町(豊橋市),山本庄次,綿屋,綿屋,,,,,,,,,,,,,,,,,,,,,,,,,,,,,,,,,,,,,,,,,,,,,,,,,,,,,,,,,,,,,,,,0
芍美,魚町(豊橋市),鳥居氏,画家,画家,,,,,,,,,,,,,,,,,,,,,,,,,,,,,,,,,,,,,,,,,,,,,,,,,,,,,,,,,,,,,,,,0
蒼尾,赤坂町(豊川市),川合仙吉,,,,,,,,,,,,,,,,,,,,,,,,,,,,,,,,,,,,,,,,,,,,,,,,,,,,,,,,,,,,,,,,,,0
石采,暮川村(豊橋市),鈴木友吉、巴屋,,,,,,,,,,,,,,,,,,,,,,,,,,,,,,,,,,,,,,,,,,,,,,,,,,,〇,,,,,,,,,,,,,,,1
秋水,国府(豊川市),勇吉,扇屋,扇屋,,,,,,,,,,,,,,,,,,,,,,,,,,,,,,,,,,,,,,,,,,,,,,,,,,,,,,,,,,,,,,,,0
梅史,南田(豊川市),渡辺孫作,紺屋,紺屋,,,,,,,,,,,,,,,,,,,,,,,,,,,,,,,,,,,,,,,,,,,,,,,,,,,,,,,,,,,,,,,,0
左蓼,国府(豊川市),藤戸屋源兵衛,,,,,,,,,,,,,,,,,,,,,,,,,,,,,,,,,,,,,,,,,,,,,,,,,,,,,,,,,,,,,,,,,,0
文李,為当(豊川市),竹本政昭,油屋,油屋,安政4年(33歳),,,,,,,,,,,,,,,,,,,,,,,,,,,,,,,,,,,,,,,,,,,,,,,,,,,,,,,,,,,,,,,0
茶岡,上ノ郷(豊川市),永嶋藤十郎,,,,,,,,,,,,,,,,,,,,,,,,,,,,,,,,,,,,,,,,,,,,,,,,,,,,,,,,,,,,,,,,,,0
栃岡,上ノ郷(豊川市),永島藤蔵,,,,拾山の兄,,,,,,,,,,,,,,,,,,,,,,,,,,,,,,,,,,,,,,,,,,,,,,,,,,,,,,,,〇,,,,,,1
拾山,上ノ郷(豊川市),永島喜右衛門、梅室門,,,,,,,,,,,,,,,,,,,,,,,,,,,,,,,,,,,,,,,,,,,,,,,,,,,,,,,,,,,,,,,,,,0
桃梨,牛久保中町(豊川市),伊東政八,,,天保14年,,,,,,,,,,,,,,,,,,,,,,,,,,,,,,,,,,,,,,,,,,,,,,,,,,,,,,,,,,,,,,,0
潮翠,牛久保若子(豊川市),小野久兵衛,鍋屋,鍋屋,天保15年,,,,,,,,,,,,,,,,,,,,,,,,,,,,,,,,,,,,,,,,,,,,,,,,,,,,,,,,,,,,,,,0
蚊丈,下地(豊川市),山下幸八,神官,神官,明治14年(62歳),,,,,,,,,,,,,,,,,,,,,,,,,,,,,,,,,,,,,,,,,,,,,,,,,,,,,,,,,,,,,,,0
李雪,上町(新城市),山田大三郎、村松屋,,,,,,,,,,,,,,,,,,,,,,,,,,,,,,,,,,,,,,,,,,,,,,,,,,,,,,,,,,,,〇,,,,,,1
梧人,牛久保(豊川市),,,,,,,,,,,,,〇,,,,,,,,,,,,,,,,,,,,,,,,,,,,,,,,,,,,,,,,,,,,,,,,,,,,,,1
蒲城,牛久保(豊川市),油井元朔,,,,,,,,,,,,〇,,,,,,,,,,,,,〇,,,,,,,,〇,,,,,,,,,,,,,,,,,,,,,,,,,,,,,,,,,3
柏子,牛久保(豊川市),,,,,,,,,,,,,〇,,,,,,,,,,,,,,,,,,,,,,,,,,,,,,,,,,,,,,,,,,,,,,,,,,,,,,1
菱歌,牛久保(豊川市),,,,,,,,,,,,,〇,,,,,,,,,,,,,,,,,,,,,,,,,,,,,,,,,,,,,,,,,,,,,,,,,,,,,,1
岡田,牛久保(豊川市),,,,,,,,,,,,,〇,,,,,,,,,,,,,,,,,,,,,,,,,,,,,,,,,,,,,,,,,,,,,,,,,,,,,,1
其道,牛久保(豊川市),,,,,,,,,,,,,,,,,〇,,,,,,,,,〇,,,,,,,,,,,,,,,,,,,,,,,,,,,,,,,,,,,,,,,,,2
善水,牛久保(豊川市),,,,,,,,,,,,,,,,,,,,,,,,,,〇,,,,,,,,,,,,,,,,,,,,,,,,,,,,,,,,,,,,,,,,,1
円象,牛久保(豊川市),,,,,,,,,,,,,,,,,,,,,,,,,,〇,,,,,,,,,,,,,,,,,,,,,,,,,,,,,,,,,,,,,,,,,1
野水,牛久保(豊川市),鈴木政八,,,,,,,,,,,,,,,,,,,,,,,,,〇,,,,,,,,,,,,,,,,,,,,,,,,,,,,,,,,,,,,,,,,,1
如水,森(豊川市),,,,,,,,,,,,,,,,,〇,,,,,,,,,,,,,,,,,,,,,,,,,,,,,,,,,,,,,,,,,,,,,,,,,,1
于分,前芝(豊川市),,,,,,,,,,,,,〇,,,,〇,,,,,,,,,,,,,,,,,〇,,,,,,,,,,,,,,,,,,,,,,,,,,,,,,,,,3
宇甲,前芝(豊川市),,,,,,,,,,,,,〇,,,,〇,,,,,,,,,,〇,,,,,,,,,,,,,,,,,,,,,,,,,,,,,,,,,,,,,,,,3
巴江,前芝(豊川市),加藤六蔵,,,,,,,,,,,,〇,,,,〇,,,,,,,,,〇,〇,,,,,,,〇,,,,,,,,,,,,,,,,,,,,,,,,,,,,,,,,,5
且来,前芝(豊川市),,,,,,,,,,,,,,,,,〇,,,,,,,,,,,,,,,,,〇,,,,,,,,,,,,,,,,,,,,,,,,,,,,,,,,,2
木甫,前芝(豊川市),,,,,,,,,,,,,,,,,〇,,,,,,,,,,,,,,,,,〇,,,,,,,,,,,,,,,,,,,,,,,,,,,,,,,,,2
声雪,御馬(豊川市),,,,,,,,,,,,,〇,,,,,,,,,,,,,,,,,,,,,,,,,,,,,,,,,,,,,,,,,,,,,,,,,,,,,,1
木蘭,御馬(豊川市),,,,,,,,,,,,,〇,,,,〇,,,,,,,,,,,,,,,,,,,,,,,,,,,,,,,,,,,,,,,,,,,,,,,,,,2
鷺雪,御馬(豊川市),石黒九左衛門,,,,,,,,,,,,,,,,〇,,,,,,,,,〇,,,,,,,,〇,,,,,,,,,,,,,,,,,,,,,,,,,,,,,,,,,3
白亀,御馬(豊川市),南条氏,,,,,,,,,,,,,,,,〇,,,,,,,,,〇,,,,,,,,,,,,,,,,,,,,,,,,,,,,,,,,,,,,,,,,,2
群鴻,西浜(豊川市),山本氏,,,,,,,,,,,,〇,,,,,,,,,,,,,〇,,,,,,,,,,,,,,,,,,,,,,,,,,,,,,,,,,,,,,,,,2
子好,西浜(豊川市),,,,,,,,,,,,,〇,,,,〇,,,,,,,,,,,,,,,,,,,,,,,,,,,,,,,,,,,,,,,,,,,,,,,,,,2
其旬,為当(豊川市),,,,,,,,,,,,,〇,,,,,,,,,,,,,,,,,,,,,,,,,,,,,,,,,,,,,,,,,,,,,,,,,,,,,,1
一枝,為当(豊川市),,,,,,,,,,,,,〇,,,,,,,,,,,,,,,,,,,,,,,,,,,,,,,,,,,,,,,,,,,,,,,,,,,,,,1
花雅,国府(豊川市),,,,,,,,,,,,,〇,,,,〇,,,,,,,,,,,,,,,,,,,,,,,,,,,,,,,,,,,,,,,,,,,,,,,,,,2
衆角,国府(豊川市),,,,,,,,,,,,,〇,,,,,,,,,,,,,,,,,,,,,,,,,,,,,,,,,,,,,,,,,,,,,,,,,,,,,,1
南朶,国府(豊川市),,,,,,,,,,,,,〇,,,,,,,,,,,,,,,,,,,,,,,,,,,,,,,,,,,,,,,,,,,,,,,,,,,,,,1
一斗,国府(豊川市),,,,,,,,,,,,,〇,,,,,,,,,,,,,,,,,,,,,,,,,,,,,,,,,,,,,,,,,,,,,,,,,,,,,,1
花由,国府(豊川市),,,,,,,,,,,,,〇,,,,〇,,,,,,,,,,,,,,,,,,,,,,,,,,,,,,,,,,,,,,,,,,,,,,,,,,2
道助,国府(豊川市),,,,,,,,,,,,,,,,,,,,,,,,,,,,,,,,,,〇,,,,,,,,,,,,,,,,,,,,,,,,,,,,,,,,,1
梅里,国府(豊川市),,,,,,,,,,,,,,,,,,,,,,,,,,〇,,,,,,,,〇,,,,,,,,,,,,,,,,,,,,,,,,,,,,,,,,,2
田子,国府(豊川市),,,,,,,,,,,,,,,,,,,,,,,,,,,,,,,,,,〇,,,,,,,,,,,,,,,,,,,,,,,,,,,,,,,,,1
芝玉,国府(豊川市),,,,,,,,,,,,,,,,,,,,,,,,,,,,,,,,,,〇,,,,,,,,,,,,,,,,,,,,,,,,,,,,,,,,,1
りやう(女),国府(豊川市),,,,,,,,,,,,,,,,,,,,,,,,,,,,,,,,,,〇,,,,,,,,,,,,,,,,,,,,,,,,,,,,,,,,,1
久良(女),国府(豊川市),,,,,,,,,,,,,,,,,,,,,,,,,,,,,,,,,,〇,,,,,,,,,,,,,,,,,,,,,,,,,,,,,,,,,1
喜春,国府(豊川市),平松孫左衛門,,,,,,,,,,,,,,,,,,,,,,,,,〇,〇,,,,,,,〇,,,,,,,,,,,,,,,,,,,,,,,,,,,,,,,,,3
知来,国府(豊川市),,,,,,,,,,,,,,,,,,,,,,,,,,,,,,,,,,〇,,,,,,,,,,,,,,,,,,,,,,,,,,,,,,,,,1
士會,国府(豊川市),竹本氏,,,,,,,,,,,,,,,,,,,,,,,,,〇,,,,,,,,〇,,,,,,,,,,,,,,,,,,,,,,,,,,,,,,,,,2
義山,本宿(豊川市),,,,,,,,,,,,,〇,,,,〇,,,,,,,,,,,,,,,,,,,,,,,,,,,,,,,,,,,,,,,,,,,,,,,,,,2
里朝,本宿(豊川市),,,,,,,,,,,,,〇,,,,,,,,,,,,,〇,,,,,,,,,,,,,,,,,,,,,,,,,,,,,,,,,,,,,,,,,2
石厚,本宿(豊川市),,,,,,,,,,,,,〇,,,,〇,,,,,,,,,,,,,,,,,,,,,,,,,,,,,,,,,,,,,,,,,,,,,,,,,,2
楳志,本宿(豊川市),,,,,,,,,,,,,〇,,,,,,,,,,,,,,,,,,,,,,,,,,,,,,,,,,,,,,,,,,,,,,,,,,,,,,1
如冬,土呂(岡崎市),,,,,,,,,,,,,,,,,,,,,,,,,,,,,,,,,,〇,,,,,,,,,,,,,,,,,,,,,,,,,,,,,,,,,1
其雄,舞木(岡崎市),,,,,,,,,,,,,〇,,,,,,,,,,,,,,,,,,,,,,,,,,,,,,,,,,,,,,,,,,,,,,,,,,,,,,1
敬山,舞木(岡崎市),,,,,,,,,,,,,,,,,〇,,,,,,,,,,,,,,,,,,,,,,,,,,,,,,,,,,,,,,,,,,,,,,,,,,1
重松,舞木(岡崎市),,,,,,,,,,,,,,,,,,,,,,,,,,〇,,,,,,,,,,,,,,,,,,,,,,,,,,,,,,,,,,,,,,,,,1
冬里,御油(豊川市),,,,文化9年以前,,,,,,,,,〇,,,,〇,,,,,,,,,,,,,,,,,〇,,,,,,,,,,,,,,,,,,,,,,,,,,,,,,,,,3
友山,御油(豊川市),中島甚吉,,,,,,,,,,,,〇,,,,〇,,,,,,,,,〇,,,,,,,,〇,,,,,,,,,,,,,,,,,,,,,,,,,,,,,,,,,4
好糸(女),御油(豊川市),,,,,,,,,,,,,,,,,〇,,,,,,,,,,,,,,,,,,,,,,,,,,,,,,,,,,,,,,,,,,,,,,,,,,1
きと(女),御油(豊川市),,,,,,,,,,,,,,,,,〇,,,,,,,,,,,,,,,,,,,,,,,,,,,,,,,,,,,,,,,,,,,,,,,,,,1
元彦,赤坂(豊川市),,,,,,,,,,,,,〇,,,,,,,,,,,,,,,,,,,,,,,,,,,,,,,,,,,,,,,,,,,,,,,,,,,,,,1
至道,高膳寺(豊川市),,,,,,,,,,,,,〇,,,,,,,,,,,,,,,,,,,,,,,,,,,,,,,,,,,,,,,,,,,,,,,,,,,,,,1
松雨,札木町(豊橋市),松嶋佐助,,,,,,,,,,,,〇,,,,,,,,,,,,,,,,,,,,,,,,,,,,,,,,,,,,,,,,,,,,,,,,,,,,,,1
不遠(女),岡崎(岡崎市),,,,,,,,,,,,,〇,,,,,,,,,,,,,,,,,,,,,,,,,,,,,,,,,,,,,,,,,,,,,,,,,,,,,,1
於保呂,岡崎(岡崎市),,,,,,,,,,,,,〇,,,,,,,,,,,,,,,,,,,,,,,,,,,,,,,,,,,,,,,,,,,,,,,,,,,,,,1
説似,岡崎(岡崎市),,,,,,,,,,,,,〇,,,,,,,,,,,,,,,,,,,,,,,,,,,,,,,,,,,,,,,,,,,,,,,,,,,,,,1
百府,大浜(碧南市),,,,,,,,,,,,,〇,,,,,,,,,,,,,,,,,,,,,,,,,,,,,,,,,,,,,,,,,,,,,,,,,,,,,,1
遮英,知立(知立市),,,,,,,,,,,,,〇,,,,,,,,,,,,,,,,,,,,,,,,,,,,,,,,,,,,,,,,,,,,,,,,,,,,,,1
可昇,知立(知立市),,,,,,,,,,,,,〇,,,,,,,,,,,,,,,,,,,,,,,,,,,,,,,,,,,,,,,,,,,,,,,,,,,,,,1
外吏,知立(知立市),,,,,,,,,,,,,〇,,,,,,,,,,,,,,,,,,,,,,,,,,,,,,,,,,,,,,,,,,,,,,,,,,,,,,1
竹之,知立(知立市),,,,,,,,,,,,,〇,,,,,,,,,,,,,,,,,,,,,,,,,,,,,,,,,,,,,,,,,,,,,,,,,,,,,,1
南廣,知立(知立市),,,,,,,,,,,,,〇,,,,,,,,,,,,,,,,,,,,,,,,,,,,,,,,,,,,,,,,,,,,,,,,,,,,,,1
鵡黄,知立(知立市),,,,,,,,,,,,,〇,,,,,,,,,,,,,,,,,,,,,,,,,,,,,,,,,,,,,,,,,,,,,,,,,,,,,,1
牧水,知立(知立市),,,,,,,,,,,,,〇,,,,,,,,,,,,,,,,,,,,,,,,,,,,,,,,,,,,,,,,,,,,,,,,,,,,,,1
竹阿,新城(新城市),,,,,,,,,,,,,〇,,,,,,,,,,,,,,,,,,,,,,,,,,,,,,,,,,,,,,,,,,,,,,,,,,,,,,1
花林,新城(新城市),,,,,,,,,,,,,〇,,,,,,,,,,,,,,,,,,,,,,,,,,,,,,,,,,,,,,,,,,,,,,,,,,,,,,1
朝来,新城(新城市),,,,,,,,,,,,,〇,,,,,,,,,,,,,,,,,,,,,,,,,,,,,,,,,,,,,,,,,,,,,,,,,,,,,,1
巴跡,長篠(新城市),,,,,,,,,,,,,〇,,,,,,,,,,,,,,,,,,,,,,,,,,,,,,,,,,,,,,,,,,,,,,,,,,,,,,1
鳥朝,長篠(新城市),,,,,,,,,,,,,,,,,,,,,,,,,,,,,,,,,,〇,,,,,,,,,,,,,,,,,,,,,,,,,,,,,,,,,1
雲洞,鳳来(新城市),,,,,,,,,,,,,〇,,,,,,,,,,,,,,,,,,,,,,,,,,,,,,,,,,,,,,,,,,,,,,,,,,,,,,1
白蒲,鳳来(新城市),,,,,,,,,,,,,〇,,,,,,,,,,,,,,,,,,,,,,,,,,,,,,,,,,,,,,,,,,,,,,,,,,,,,,1
一箕,鳳来(新城市),,,,,,,,,,,,,〇,,,,,,,,,,,,,,〇,,,,,,,,,,,,,,,,,,,,,,,,,,,,,,,,,,,,,,,,2
巴龍,鳳来(新城市),,,,,,,,,,,,,〇,,,,,,,,,,,,,,〇,,,,,,,〇,,,,,,,,,,,,,,,,,,,,,,,,,,,,,,,,,3
里暁,大野(新城市),,,,,,,,,,,,,〇,,,,,,,,,,,,,,,,,,,,,,,,,,,,,,,,,,,,,,,,,,,,,,,,,,,,,,1
三枝,大野(新城市),,,,,,,,,,,,,〇,,,,,,,,,,,,,,,,,,,,,,,,,,,,,,,,,,,,,,,,,,,,,,,,,,,,,,1
柳糸,大野(新城市),,,,,,,,,,,,,〇,,,,,,,,,,,,,,,,,,,,,,,,,,,,,,,,,,,,,,,,,,,,,,,,,,,,,,1
一隠,二川(豊橋市),,,,,,,,,,,,,〇,,,,〇,,,,,,,,,,〇,,,,,,,,,,,,,,,,,,,,,,,,,,,,,,,,,,,,,,,,3
暁斗,二川(豊橋市),,,,,,,,,,,,,〇,,,,〇,,,,,,,,,,,,,,,,,,,,,,,,,,,,,,,,,,,,,,,,,,,,,,,,,,2
完甫,八王子(田原市),,,,,,,,,,,,,,,,,,,,,,,,,,,〇,,,,,,,〇,,,,,,,,,,,,,,,,,,,,,,,,,,,,,,,,,2
路由,高木(田原市),,,,,,,,,,,,,,,,,,,,,,,,,,,,,,,,,,,,,,,,,,,,,,,,,,,,,,,,,,,,,,,,,,,0
草虫,田原(田原市),,,,,,,,,,,,,〇,,,,,,,,,,,,,,,,,,,,,,,,,,,,,,,,,,,,,,,,,,,,,,,,,,,,,,1
無一,田原(田原市),,,,,,,,,,,,,〇,,,,〇,,,,,,,,,〇,〇,,,,,,,〇,,,,,,,,,,,,,,,,,,,,,,,,,,,,,,,,,5
崚幾(女),田原(田原市),,,,,,,,,,,,,〇,,,,〇,,,,,,,,,,,,,,,,,,,,,,,,,,,,,,,,,,,,,,,,,,,,,,,,,,2
杜隣,田原(田原市),,,,,,〇,〇,,,,,,〇,,,,,,,,,,,,,,,,,,,,,,,,,,,,,,,,,,,,,,,,,,,,,,,,,,,,,,1
三千(女),田原(田原市),,,,,,,,,,,,,〇,,,,〇,,,,,,,,,,〇,,,,,,,,,,,,,,,,,,,,,,,,,,,,,,,,,,,,,,,,3
千枝(女),田原(田原市),,,,,,,,,,,,,〇,,,,〇,,,,,,,,,,〇,,,,,,,,,,,,,,,,,,,,,,,,,,,,,,,,,,,,,,,,3
