武将姓,武将名,統率,武勇,知略,内政,外政,戦闘,政治,合計,父親,姓読み,名読み,誕生年,登場年,没年,寿命,義理親,志,戦法,補佐,作戦,気質,野心,母親,武将姓名,列伝,父親有無,母親有無,志区分
九戸,実親,72,68,41,41,38,140,79,260,九戸信仲,くのへ,さねちか,1542年,1557年,1591年,50,-,領地保全,用心,斥候,神出鬼没,勲功,12,-,九戸実親,南部家臣。信仲の子。南部晴政の次女と結婚し、後継者候補となる。主家に叛旗を翻した兄・政実とともに九戸城に籠城し、豊臣軍と戦うが敗れ、斬首された。,1,0,0
森岡,信元,61,64,36,32,29,125,61,222,-,もりおか,のぶもと,1556年,1571年,1606年,51,-,領地保全,用心,斥候,神出鬼没,勲功,9,-,森岡信元,津軽家臣。主君・為信の創業期を支えた大浦三老の１人。石川高信との戦いに参加して和徳城を攻略、城主となる。のちに為信から叛意を疑われ謀殺された。,0,0,0
葛西,俊信,49,66,29,29,24,115,53,197,-,かさい,としのぶ,1579年,1594年,1635年,57,-,領地保全,早駆け,猛攻,本陣斬込,家名,3,-,葛西俊信,伊達家臣。父・重俊は胤重（晴信の弟）の子。兄・重信は宇和島伊達家に仕えて宇和島に赴いた。馬術の名手として知られ、京都で数回、妙技を披露している。,0,0,0
柏山,明久,57,68,41,26,27,125,53,219,柏山明吉,かしやま,あきひさ,1561年,1576年,1595年,35,-,領地保全,突撃,速攻,全軍突撃,勲功,12,-,柏山明久,葛西家臣。柏山明吉の四男。折居館主。領内屈指の荒武者といわれ、柏山家内乱の際には家老・三田将監を殺害。葛西・大崎一揆では叛乱軍の総帥となった。,1,0,0
佐藤,好信,43,60,46,56,49,103,105,254,-,さとう,よしのぶ,1514年,1529年,1563年,50,-,領地保全,用心,斥候,神出鬼没,才覚,5,-,佐藤好信,相馬家臣。佐藤家はもと岩城家臣であったが、好信の代に相馬家に属す。軍奉行を務めたが、郡左馬助の讒言により領地を没収され、失意のうちに病死した。,0,0,0
猪苗代,盛胤,57,67,46,40,39,124,79,249,猪苗代盛国,いなわしろ,もりたね,1565年,1580年,1641年,77,-,領地保全,突撃,速攻,全軍突撃,勲功,2,-,猪苗代盛胤,蘆名家臣。盛国の子。摺上原合戦で主家が敗れたあと、主君・盛重に従い常陸に逃れる。のちに盛重のもとを去って故郷の猪苗代に戻り、同地で余生を送った。,1,0,0
富田,隆実,60,74,37,30,28,134,58,229,富田氏実,とみた,たかざね,1569年,1584年,1594年,26,-,領地保全,突撃,速攻,全軍突撃,実利,5,-,富田隆実,蘆名家臣。氏実の子。摺上原合戦では先鋒を務め、伊達軍の本陣に迫るなど奮戦した。敗北後は主君・盛重に従い常陸に逃れるが、間もなく盛重の元を去った。,1,0,0
平田,範重,62,66,43,33,33,128,66,237,平田舜範,ひらた,のりしげ,1555年,1570年,1594年,40,-,領地保全,突撃,速攻,全軍突撃,才覚,5,-,平田範重,蘆名家臣。平田舜範の子。松本行輔（氏輔の子）の謀叛鎮定などに活躍した。伊達軍が蘆名領に侵攻した際は、中目盛光とともに奮戦し、これを破った。,1,0,0
大宝寺,義氏,62,65,30,25,24,127,49,206,大宝寺義増,だいほうじ,よしうじ,1551年,1566年,1583年,33,-,所領拡大,突撃,速攻,全軍突撃,実利,12,-,大宝寺義氏,出羽の豪族。義増の子。合戦に明け暮れて領政を軽んじたため、領民から「悪屋形」と憎悪された。最上義光に通じた家臣・前森蔵人に謀叛され、自害した。,1,0,0
最上,家親,42,56,37,48,39,98,87,222,最上義光,もがみ,いえちか,1582年,1597年,1617年,36,-,家名存続,突撃,速攻,全軍突撃,家名,10,-,最上家親,最上家１２代当主。義光の次男。父の死後、家督を継ぐ。対立していた弟・義親を討ち領内統一を進めるが、間もなく死去。叔父・楯岡光直が毒殺したという。,1,0,0
松平,秀康,75,82,41,53,44,157,97,295,松平元康,まつだいら,ひでやす,1574年,1589年,1607年,34,-,家名存続,急襲,猛攻,全軍突撃,勲功,7,-,松平秀康,徳川家康の次男。結城家の家督を継ぐ。関ヶ原合戦の際は関東に残って上杉景勝に備え、戦後、越前福井７５万石を領した。激しい気性の持ち主だったという。,1,0,0
松平,忠直,71,72,36,36,31,143,67,246,松平秀康,まつだいら,ただなお,1595年,1610年,1650年,56,-,家督継承,突撃,速攻,全軍突撃,勲功,9,-,松平忠直,結城秀康の嫡男。父の死後家督を継ぐ。大坂の陣では真田幸村軍の突撃を阻止するなど活躍。のちに幾多の不行跡を起こしたため、改易され配流処分となった。,1,0,0
小山,高朝,49,57,45,49,44,106,93,244,結城政朝,おやま,たかとも,1508年,1523年,1574年,67,-,領地保全,突撃,速攻,全軍突撃,勲功,8,-,小山高朝,下野の豪族。結城政朝の次男。小山政長の養子となった。兄・結城政勝の後援を得て小山家の威勢を回復する。北条家とも結び、安定した領国経営を行った。,1,0,0
正木,憲時,65,68,47,33,35,133,68,248,-,まさき,のりとき,1555年,1570年,1581年,27,正木時茂,領地保全,突撃,速攻,全軍突撃,勲功,3,-,正木憲時,里見家臣。時忠または弘季の子という。伯父・時茂の養子となって家督を継ぐ。主君・義頼の強引な家督相続に憤激して謀叛を起こすが敗れ、家臣に殺された。,0,0,0
御子神,典膳,33,72,28,24,22,105,46,179,-,みこがみ,てんぜん,1565年,1580年,1628年,64,-,天下統一,奥義一閃,野襲,全軍突撃,芸道,11,-,御子神典膳,剣術家。はじめ里見家に仕えたが、剣術修業のため諸国を遍歴する。のちに一刀流の開祖・伊藤一刀斎に師事し、名を小野忠明と改め、小野一刀流を創始した。,0,0,0
那須,資晴,64,67,41,41,38,131,79,251,那須資胤,なす,すけはる,1557年,1572年,1610年,54,-,領地保全,突撃,速攻,全軍突撃,勲功,9,-,那須資晴,下野の戦国大名。資胤の嫡男。薄葉ヶ原合戦で宇都宮軍に大勝し、近隣に武名を轟かせた。豊臣秀吉の小田原征伐の際に遅参したため、所領を没収された。,1,0,0
佐野,宗綱,57,68,40,56,45,125,101,266,佐野昌綱,さの,むねつな,1556年,1574年,1586年,31,-,領地保全,急襲,猛攻,全軍突撃,才覚,8,-,佐野宗綱,佐野家１６代当主。昌綱の嫡男。佐竹家と結んで北条家に対抗。また軍事・経済両面の改革を進めるが、家臣の反発を招いた。のちに須花坂の戦いで戦死した。,1,0,0
鈴木,重則,61,67,38,31,29,128,60,226,-,すずき,しげのり,1547年,1562年,1589年,43,-,領地保全,突撃,速攻,全軍突撃,勲功,2,-,鈴木重則,真田家臣。名胡桃城代。北条家臣・猪俣邦憲の奇襲を受け敗北、自害した。この事件は、私戦の禁令に反するとして、豊臣秀吉に小田原征伐の口実を与えた。,0,0,0
太田,康資,64,72,42,37,36,136,73,251,太田資高,おおた,やすすけ,1531年,1546年,1581年,51,-,家名存続,突撃,速攻,全軍突撃,実利,8,-,太田康資,北条家臣。資高の子。のちに里見家に属し、第二次国府台合戦に従軍した。武田家・上杉家に飛脚を送るなど、外交でも活躍。三十人力の豪傑であったという。,1,0,0
北条,氏勝,62,57,39,40,36,119,76,234,北条氏繁,ほうじょう,うじかつ,1559年,1574年,1611年,53,-,家名存続,用心,斥候,神出鬼没,家名,8,-,北条氏勝,北条家臣。氏繁の子。父の死後、玉縄城主となる。豊臣秀吉の小田原征伐の際は山中城を守るが落城、その後は居城に籠城するが降伏、戦後は徳川家に仕えた。,1,0,0
鵜殿,長照,52,58,44,39,38,110,77,231,鵜殿長持,うどの,ながてる,1533年,1548年,1562年,30,-,所領拡大,臨戦,万全,囮挑発,実利,6,-,鵜殿長照,今川家臣。長持の子。桶狭間合戦後、三河の武将が次々と徳川家に属す中、唯一今川方に残る。そのため、三河平定を目指す徳川軍の攻撃を受け、敗死した。,1,0,0
御宿,勘兵衛,67,68,29,24,23,135,47,211,-,みしゅく,かんべえ,1567年,1582年,1615年,49,-,家名存続,死兵,復帰,全軍突撃,勲功,7,-,御宿勘兵衛,北条家臣。初名は綱秀、別名に政友。今川・武田家に仕えたあと、結城秀康に仕官。秀康の子・忠直の代に出奔して大坂城に入城、大坂夏の陣にて戦死した。,0,0,0
松平,忠吉,58,65,42,57,47,123,104,269,松平元康,まつだいら,ただよし,1580年,1595年,1607年,28,-,天下統一,突撃,速攻,全軍突撃,勲功,5,-,松平忠吉,徳川家康の四男。関ヶ原合戦では舅・井伊直政とともに戦端を開く。負傷しながらも島津義弘軍を討つなど戦功を立て、戦後、尾張清洲６２万石を領した。,1,0,0
本多,重次,58,65,43,68,56,123,124,290,-,ほんだ,しげつぐ,1529年,1544年,1596年,68,-,所領拡大,逆撫で,地利,囮挑発,勲功,5,-,本多重次,徳川家臣。岡崎奉行を務め、「鬼作左」の異名をとる。豊臣秀吉の母・大政所が徳川家の人質となった際、冷遇したため秀吉の怒りを買い、閉居処分となった。,0,0,0
渡辺,守綱,62,84,33,25,25,146,50,229,-,わたなべ,もりつな,1542年,1557年,1620年,79,-,天下統一,奮闘,猛攻,全軍突撃,勲功,6,-,渡辺守綱,徳川家臣。各地を転戦して戦功を立て、「槍の半蔵」の異名をとる。関ヶ原合戦には旗本として参陣。晩年は尾張徳川家の家老となり、当主・義直を補佐した。,0,0,0
斯波,長秀,56,56,42,40,38,112,78,232,斯波義統,しば,ながひで,1541年,1556年,1593年,53,-,領地保全,用心,斥候,神出鬼没,家名,6,-,斯波長秀,織田家臣。斯波義統の次男。各地を転戦し、信濃平定後、信濃伊那郡を領す。本能寺の変後は豊臣秀吉に属して九州征伐などに従軍、再び信濃伊那郡を領した。,1,0,0
織田,信孝,55,62,35,49,38,117,87,239,織田信長,おだ,のぶたか,1558年,1573年,1583年,26,-,家督継承,用心,斥候,神出鬼没,家名,10,-,織田信孝,信長の三男。伊勢の豪族・神戸具盛の養子となり、家督を継ぐ。本能寺の変後、柴田勝家と結んで羽柴秀吉に対抗するが敗れ、秀吉の命により自害させられた。,1,0,0
織田,信澄,59,65,47,50,45,124,95,266,織田信勝,おだ,のぶずみ,1555年,1570年,1582年,28,-,天下統一,挟撃巧者,疾走,神出鬼没,家名,5,-,織田信澄,信勝の子。伯父・信長に仕える。明智光秀の娘を娶った。「一段の逸物」と評された器量の持ち主であったが、本能寺の変の際に、従兄弟・信孝に殺された。,1,0,0
河尻,秀長,37,58,41,30,30,95,60,196,河尻秀隆,かわじり,ひでなが,1554年,1569年,1600年,47,-,領地保全,臨戦,万全,囮挑発,勲功,6,-,河尻秀長,豊臣家臣。苗木城主。秀隆の子。小牧長久手合戦や小田原征伐などに従軍した。朝鮮派兵では肥前名護屋城に在陣する。関ヶ原合戦で西軍に属し、戦死した。,1,0,0
滝川,益重,64,71,42,37,36,135,73,250,-,たきがわ,ますしげ,1523年,1538年,1592年,70,-,所領拡大,突撃,速攻,全軍突撃,才覚,6,-,滝川益重,滝川家臣。一益の従兄弟。甥とも。本能寺の変後、一益とともに柴田勝家に属し北伊勢で羽柴秀吉軍と激戦を展開。のち秀吉に仕え、九州征伐などに従軍した。,0,0,0
塙,直政,56,64,44,67,54,120,121,285,-,ばん,なおまさ,1532年,1547年,1576年,45,-,家名存続,急襲,復帰,囮挑発,勲功,5,-,塙直政,織田家臣。赤母衣衆の１人。のちに原田姓を名乗る。主君・信長が蘭奢待を賜った際は、その奉行を務めた。石山本願寺攻めの際、一揆勢に攻められ戦死した。,0,0,0
佐久間,安政,43,60,44,38,37,103,75,222,佐久間盛次,さくま,やすまさ,1555年,1570年,1627年,73,-,所領拡大,突撃,速攻,全軍突撃,勲功,7,-,佐久間安政,柴田家臣。盛次の三男。はじめ保田姓を称した。賤ヶ岳合戦後は織田信雄に仕える。その後は北条家、蒲生家を経て徳川家に仕え、信濃飯山３万石を領した。,1,0,0
塙,団右衛門,61,74,30,24,24,135,48,213,-,ばん,だんえもん,1567年,1582年,1615年,49,-,所領拡大,奮闘,猛攻,全軍突撃,勲功,9,-,塙団右衛門,加藤家臣。鉄砲大将を務めたが、関ヶ原合戦の際に主君・嘉明と対立して出奔、浪人となる。のちに大坂城に入城、大坂夏の陣で浅野長晟軍と戦い、戦死した。,0,0,0
松野,重元,67,69,44,29,31,136,60,240,-,まつの,しげもと,1573年,1588年,1655年,83,-,家名存続,死兵,斥候,全軍突撃,実利,4,-,松野重元,小早川家臣。鉄砲頭を務め、主馬首に任官された。関ヶ原合戦では主君・秀秋の寝返りに呼応せず、戦場を離脱した。その後は田中吉政、徳川忠長に仕えた。,0,0,0
毛受,勝照,52,67,40,27,27,119,54,213,-,めんじゅ,かつてる,1551年,1566年,1583年,33,-,所領拡大,突撃,速攻,全軍突撃,仁義,3,-,毛受勝照,柴田家臣。主君・勝家の小姓頭として１万石を領す。賤ヶ岳合戦で柴田軍が壊走した際、羽柴軍の追撃を阻んで奮戦。勝家を越前へ退却させたあと、戦死した。,0,0,0
稲葉,貞通,50,60,47,55,49,110,104,261,稲葉一鉄,いなば,さだみち,1546年,1561年,1603年,58,-,家名存続,突撃,速攻,全軍突撃,家名,9,-,稲葉貞通,織田家臣。一鉄の長男。本能寺の変後は豊臣秀吉に仕えた。関ヶ原合戦では織田秀信に従い西軍に属すが、のち東軍に降伏。戦後、豊後臼杵５万石を領した。,1,0,0
溝尾,茂朝,36,61,45,30,32,97,62,204,-,みぞお,しげとも,1543年,1558年,1582年,40,-,家名存続,突撃,速攻,全軍突撃,実利,2,-,溝尾茂朝,明智家臣。通称は庄兵衛。主君・光秀の側近を務め、厚い信頼を受けた。山崎合戦の敗北後、光秀の命で介錯を行い、光秀の首を藪中へ隠したのち、自害した。,0,0,0
北畠,具教,70,80,36,50,40,150,90,276,北畠晴具,きたばたけ,とものり,1528年,1543年,1576年,49,-,所領拡大,奥義一閃,野襲,全軍突撃,家名,8,-,北畠具教,伊勢国司・北畠家８代当主。晴具の子。織田信長に敗れ、信長の次男・信雄を養子とするが、のちに殺された。塚原卜伝より秘伝「一の太刀」を授けられた。,1,0,0
武田,義信,64,76,41,47,42,140,89,270,武田晴信,たけだ,よしのぶ,1538年,1553年,1567年,30,-,家督継承,早駆け,猛攻,本陣斬込,家名,5,-,武田義信,信玄の長男。川中島合戦などで活躍。妻の実家・今川家攻略に反対し、謀叛を企むが失敗する。東光寺に幽閉され、２年後に死去した。自害とも病死ともいう。,1,0,0
土屋,昌恒,51,71,43,30,31,122,61,226,-,つちや,まさつね,1556年,1571年,1582年,27,-,領地保全,突撃,速攻,全軍突撃,勲功,2,-,土屋昌恒,武田家臣。金丸虎義の子。土屋家の家督を継ぐ。甲斐天目山において主君・勝頼を守って孤軍奮闘し、戦死した。その奮闘ぶりは「片手千人斬り」と呼ばれた。,0,0,0
高梨,秀政,48,61,47,53,48,109,101,257,高梨政頼,たかなし,ひでまさ,1528年,1543年,1572年,45,-,領地保全,突撃,速攻,全軍突撃,家名,7,-,高梨秀政,信濃の豪族。政頼の子。上杉家に属す。主君・謙信の関東出兵の際には、謙信の居城・春日山城を守った。第四次川中島合戦の際には、上杉軍の先鋒を務めた。,1,0,0
小笠原,貞慶,56,66,47,61,53,122,114,283,小笠原長時,おがさわら,さだよし,1546年,1561年,1595年,50,-,領地保全,死兵,斥候,全軍突撃,家名,6,-,小笠原貞慶,徳川家臣。長時の嫡男。各地を流浪後、徳川家康の後援を得て旧領を回復し、以後は徳川家に仕える。家康の孫娘を子・秀政に迎えるなど、関係強化に努めた。,1,0,0
内ヶ島,氏理,45,62,43,44,41,107,85,235,内ヶ島雅氏,うちがしま,うじまさ,1541年,1556年,1585年,45,-,領地保全,突撃,速攻,全軍突撃,実利,9,-,内ヶ島氏理,飛騨の豪族。帰雲城主。豊臣家臣・金森長近の飛騨侵攻軍に降るが、大地震により居城が埋没、山崩れによる洪水が起こり滅亡した。現代に埋蔵金伝説が残る。,1,0,0
色部,長実,64,65,47,50,45,129,95,271,色部勝長,いろべ,ながざね,1555年,1570年,1592年,38,-,所領拡大,急襲,猛攻,全軍突撃,才覚,7,-,色部長実,上杉家臣。平林城主。勝長の子。兄・顕長の死後、家督を継ぐ。出羽仙北一揆の鎮圧などで活躍した。豊臣秀吉の朝鮮派兵に従軍した際、大病を患い死去した。,1,0,0
大熊,朝秀,38,70,35,68,48,108,116,259,-,おおくま,ともひで,1517年,1532年,1582年,66,-,所領拡大,突撃,速攻,全軍突撃,勲功,11,-,大熊朝秀,長尾家臣。箕冠城主。主君・景虎の側近として政務に参画した。景虎の出家騒動に乗じて謀叛を起こすが敗れる。以後は武田家に仕え、甲斐天目山で戦死した。,0,0,0
北条,景広,46,64,47,33,35,110,68,225,北条高広,きたじょう,かげひろ,1548年,1563年,1579年,32,-,家名存続,突撃,速攻,全軍突撃,実利,9,-,北条景広,上杉家臣。高広の子。父とともに厩橋城に在城し、主君・謙信の関東経略を助けた。御館の乱の際は上杉景虎方の中核を担うが、のちに上杉景勝に暗殺された。,1,0,0
小島,弥太郎,46,92,30,23,23,138,46,214,-,こじま,やたろう,1522年,1537年,1582年,61,-,所領拡大,死兵,猛攻,全軍突撃,仁義,2,-,小島弥太郎,上杉家臣。幼少から側近として主君・謙信に仕えた。川中島合戦には旗本として従軍。剛力無双の豪傑で「鬼小島」と呼ばれて恐れられ、数々の伝説を残した。,0,0,0
甘粕,景継,74,70,38,39,33,144,72,254,-,あまかす,かげつぐ,1550年,1565年,1611年,62,-,所領拡大,用心,斥候,神出鬼没,才覚,6,-,甘粕景継,上杉家臣。酒田城主。主家の会津移封に従い、白石城代を務めた。関ヶ原合戦では抗戦を主張。のちに居城を空けた隙に伊達軍の攻撃により居城を失った。,0,0,0
水原,親憲,76,77,43,31,31,153,62,258,-,すいばら,ちかのり,1546年,1561年,1616年,71,-,所領拡大,突撃,速攻,全軍突撃,勲功,5,-,水原親憲,上杉家臣。水原館主。御館の乱の際は上杉景勝を支持した。主家の会津移封後は猪苗代城代を務める。大坂の陣で戦功を立て、徳川秀忠から感状を下賜された。,0,0,0
朝倉,景隆,55,61,45,49,44,116,93,254,-,あさくら,かげたか,1494年,1509年,1571年,78,-,領地保全,突撃,速攻,全軍突撃,家名,6,-,朝倉景隆,朝倉家臣。朝倉敏景の弟・経景の孫。朝倉宗滴が病で帰国したあと、一向一揆討伐の大将として加賀に出陣した。のち３人の子を相次いで失い、間もなく死去。,0,0,0
朝倉,景健,63,65,42,36,35,128,71,241,朝倉景隆,あさくら,かげたけ,1536年,1551年,1575年,40,-,家名存続,突撃,速攻,全軍突撃,勲功,11,-,朝倉景健,朝倉家臣。景隆の子。姉川合戦では朝倉軍の総大将として奮戦。主家滅亡後は織田信長に属すが、一向一揆に降伏したため、信長の怒りを買い自害させられた。,1,0,0
富田,景政,53,76,33,29,26,129,55,217,-,とだ,かげまさ,1525年,1540年,1594年,70,-,領地保全,奥義一閃,野襲,全軍突撃,芸道,5,-,富田景政,朝倉家臣。富田流剣術の始祖。勢源と号した。主家滅亡後は前田家に仕え、数々の合戦で活躍した。隠居後は七尾城の守将となり、豊臣秀次に剣術を指南した。,0,0,0
片桐,且元,51,64,47,58,51,115,109,271,片桐直貞,かたぎり,かつもと,1556年,1571年,1615年,60,-,領地保全,突撃,速攻,全軍突撃,実利,6,-,片桐且元,豊臣家臣。賤ヶ岳七本槍の１人。主君・秀頼の傅役として主家存続のため奔走するが、徳川家康への内通疑惑により大坂城を退去した。以後は徳川家に属した。,1,0,0
脇坂,安治,58,66,47,37,38,124,75,246,-,わきざか,やすはる,1554年,1569年,1626年,73,-,家名存続,突撃,速攻,全軍突撃,実利,11,-,脇坂安治,豊臣家臣。賤ヶ岳七本槍の１人。主君・秀吉の中国征伐の際に「丹波の赤鬼」赤井直正を討ち取る功を立てた。関ヶ原合戦では東軍に寝返り所領を安堵された。,0,0,0
六角,義治,44,63,34,38,30,107,68,209,六角義賢,ろっかく,よしはる,1544年,1559年,1612年,69,-,所領拡大,突撃,速攻,全軍突撃,家名,12,-,六角義治,近江の戦国大名。義賢の子。筆頭家老・後藤賢豊を謀殺し、家臣の信頼を失う。織田信長の上洛軍に敗れ、諸国を流浪した。晩年は豊臣秀頼の弓師範を務めた。,1,0,0
吉田,重政,49,74,46,27,30,123,57,226,-,よしだ,しげまさ,1485年,1500年,1569年,85,-,所領拡大,奥義一閃,野襲,全軍突撃,芸道,8,-,吉田重政,六角家臣。吉田流弓術の祖・重賢の子。主君・義賢から弓術の伝授を求められるが拒否して出奔、一時朝倉家に仕える。数年後に帰参し、義賢に弓術を授けた。,0,0,0
波多野,秀尚,54,61,41,42,39,115,81,237,波多野晴通,はたの,ひでなお,1555年,1570年,1579年,25,-,領地保全,突撃,速攻,全軍突撃,勲功,8,-,波多野秀尚,波多野家臣。晴通の子。兄・秀治とともに八上城に籠城して明智光秀軍と戦うが１年半に及ぶ攻防の末、降伏。秀治とともに安土に送られ、磔刑に処せられた。,1,0,0
一色,義道,65,62,44,40,38,127,78,249,一色義幸,いっしき,よしみち,1533年,1548年,1579年,47,-,家名存続,突撃,速攻,全軍突撃,家名,7,-,一色義道,丹後の戦国大名。義幸の子。京を追われた将軍・足利義昭を庇護したため、織田軍に攻められる。善戦するが、家臣・沼田勘解由の内通により敗れ、自害した。,1,0,0
一色,義清,50,60,47,42,41,110,83,240,一色義幸,いっしき,よしきよ,1535年,1550年,1582年,48,-,家名存続,突撃,速攻,全軍突撃,家名,7,-,一色義清,丹後の戦国大名。甥・満信が細川藤孝に謀殺されたあと、弓木城に入り一色宗家を継いだ。しかし、細川忠興に城を包囲されたため、敵陣に突入して戦死した。,1,0,0
服部,友貞,59,57,47,36,38,116,74,237,-,はっとり,ともさだ,1515年,1530年,1568年,54,-,所領拡大,臨戦,万全,囮挑発,才覚,7,-,服部友貞,伊勢の豪族。鯏浦砦を本拠とし、伊勢長島願証寺と結んで織田信長に抵抗した。のち、斎藤龍興ら信長に敗れた多くの武将が服部党に身を投じて信長と戦った。,0,0,0
中川,清秀,46,66,34,35,29,112,64,210,-,なかがわ,きよひで,1542年,1557年,1583年,42,-,家名存続,突撃,速攻,全軍突撃,家名,9,-,中川清秀,池田家臣。茨木城主。和田惟政を討つなど活躍した。のち荒木村重に属す。村重の逃亡後は羽柴秀吉に属し、山崎合戦で戦功を立てた。賤ヶ岳合戦で戦死した。,0,0,0
土橋,守重,58,57,47,33,35,115,68,230,土橋重隆,つちばし,もりしげ,1518年,1533年,1582年,65,-,家名存続,用心,斥候,神出鬼没,家名,7,-,土橋守重,紀伊の豪族。４人の子とともに石山本願寺に籠城して戦い、信長軍を苦しめた。のちに石山本願寺を退去するが、所領に戻って抵抗を続けたため、謀殺された。,1,0,0
糟屋,武則,59,67,43,39,37,126,76,245,-,かすや,たけのり,1562年,1577年,1607年,46,-,所領拡大,突撃,速攻,全軍突撃,才覚,7,-,糟屋武則,豊臣家臣。播磨の出身。賤ヶ岳七本槍の１人。関ヶ原合戦の際は西軍に属し、伏見城攻撃などに参加した。戦後、改易されるが、のちに幕臣として登用された。,0,0,0
後藤,勝元,64,59,47,44,42,123,86,256,後藤勝国,ごとう,かつもと,1538年,1553年,1579年,42,-,所領拡大,臨戦,万全,囮挑発,実利,9,-,後藤勝元,美作の豪族。三星城主。勝国の子。近隣豪族を支配下に置き、また尼子家や浦上家と友好を結んで、後藤家を隆盛に導いた。のち宇喜多直家に敗れて自害した。,1,0,0
竹内,久盛,36,74,39,28,27,110,55,204,-,たけうち,ひさもり,1503年,1518年,1595年,93,-,所領拡大,奥義一閃,野襲,全軍突撃,実利,6,-,竹内久盛,美作の豪族。一ノ瀬城主。宇喜多直家の美作侵攻軍に敗れ、その臣下となる。戦場における組み討ちを基本とした日本最古の柔術流派・竹内流柔術を創始した。,0,0,0
宇喜多,詮家,56,65,34,34,29,121,63,218,宇喜多忠家,うきた,あきいえ,1567年,1582年,1616年,50,-,家名存続,突撃,速攻,全軍突撃,実利,8,-,宇喜多詮家,宇喜多家臣。忠家の子。主家の内乱により出奔、徳川家康に属す。関ヶ原合戦の戦功により石見浜田２万石を領した。大坂の陣では家康の孫娘・千を救出した。,1,0,0
中島,元行,63,62,45,51,46,125,97,267,中島輝行,なかじま,もとゆき,1552年,1567年,1614年,63,-,領地保全,用心,斥候,神出鬼没,家名,4,-,中島元行,毛利家臣。経山城主。明禅寺合戦で戦死した父・輝行の跡を継ぐ。清水宗治の娘を娶り、宗治とともに各地の合戦で活躍した。のちに「中国兵乱記」を著した。,1,0,0
七条,兼仲,35,78,29,23,23,113,46,188,-,しちじょう,かねなか,1548年,1563年,1582年,35,-,家名存続,奮闘,猛攻,全軍突撃,勲功,5,-,七条兼仲,阿波の豪族。七条城主。中富川合戦で敗死した。怪力の豪傑で、武勇伝が多数伝承されている。大山寺で催される「力餅大会」は伝承の１つに由来するという。,0,0,0
法華津,前延,56,65,45,58,50,121,108,274,-,ほけづ,さきのぶ,1521年,1536年,1593年,73,-,領地保全,突撃,速攻,全軍突撃,家名,9,-,法華津前延,西園寺家臣。伊予法華津城主。西園寺十五将の１人。大友家の侵攻軍を何度も撃退した。豊臣秀吉の四国平定後、宇和郡を領した戸田勝隆の命により下城した。,0,0,0
吉良,親実,67,63,44,60,51,130,111,285,吉良親貞,きら,ちかざね,1563年,1578年,1588年,26,-,所領拡大,突撃,速攻,全軍突撃,才覚,7,-,吉良親実,長宗我部家臣。親貞の嫡男。宗家の家督相続に際し、四男・盛親の擁立を望む伯父・元親を諫めるが、対立勢力の久武親直に讒言され、元親に自害させられた。,1,0,0
江村,親家,67,68,45,34,35,135,69,249,吉田重俊,えむら,ちかいえ,1525年,1540年,1591年,67,-,所領拡大,用心,斥候,神出鬼没,勲功,6,-,江村親家,長宗我部家臣。吉田重俊の次男。江村親政の娘婿となる。父と同じく備後守を称したため「小備後」と呼ばれた。多くの合戦に参加し、近隣に勇名を轟かせた。,1,0,0
安芸,国虎,63,67,37,42,36,130,78,245,安芸元泰,あき,くにとら,1530年,1544年,1569年,40,-,領地保全,突撃,速攻,全軍突撃,実利,10,-,安芸国虎,土佐の豪族。安芸城主。長宗我部元親の居城・土佐岡豊城への招請を断り、元親と戦う。しかし元親の謀略により家臣団が内部崩壊を起こして敗北、自害した。,1,0,0
佐々木,小次郎,30,84,28,24,22,114,46,188,-,ささき,こじろう,1590年,1605年,1612年,23,-,所領拡大,奥義一閃,野襲,全軍突撃,芸道,6,-,佐々木小次郎,別名は巌流。武者修行の末、「燕返し」の剣法を創案する。増田長盛に仕えようとしたが豊臣秀吉に許されなかった。巌流島で宮本武蔵と試合をし、敗死する。,0,0,0
大友,親家,56,64,38,37,33,120,70,228,大友義鎮,おおとも,ちかいえ,1561年,1576年,1641年,81,-,家名存続,突撃,速攻,全軍突撃,家名,8,-,大友親家,大友家臣。宗麟の次男。父の命で僧侶となるが、武術に励み、のちに還俗。島津義久に通じたため、所領を没収される。主家改易後は肥後細川家などに仕えた。,1,0,0
田北,鎮周,54,64,44,38,37,118,75,237,-,たきた,しげかね,1543年,1558年,1578年,36,-,家名存続,突撃,速攻,全軍突撃,勲功,8,-,田北鎮周,大友家臣。豊後蚊ノ尾城主。加判衆を務めた。耳川合戦の際、総大将・田原親賢が佐伯惟教の慎重論を支持した事に憤り先鋒として島津軍に突撃し、戦死した。,0,0,0
原田,信種,50,57,45,44,41,107,85,237,原田種吉,はらだ,のぶたね,1560年,1575年,1598年,39,原田隆種,所領拡大,臨戦,万全,囮挑発,才覚,8,-,原田信種,筑前の豪族。高祖城主。草野鎮永の子。原田隆種の子・親種の死後、養子となり家督を継ぐ。のちに豊臣秀吉に降り、所領を安堵された。朝鮮派兵で戦死した。,1,0,0
秋月,文種,55,64,37,45,37,119,82,238,-,あきづき,ふみたね,1516年,1531年,1557年,42,-,領地保全,臥薪嘗胆,伏兵,本陣斬込,勲功,9,-,秋月文種,筑前の豪族。古処山城主。大友家に属すが待遇に不満を持ち、毛利元就と結んで叛旗を翻す。大友軍２万の軍勢に対して善戦するが、衆寡敵せず敗れ自害した。,0,0,0
江上,武種,43,60,44,35,35,103,70,217,-,えがみ,たけたね,1526年,1541年,1575年,50,-,所領拡大,突撃,速攻,全軍突撃,勲功,7,-,江上武種,少弐家臣。肥前勢福寺城主。龍造寺隆信の家督相続に反対した東肥前十九将の１人。龍造寺家臣・小田政光を討つなど活躍したが、のちに龍造寺家臣となった。,0,0,0
百武,賢兼,75,81,39,32,30,156,62,257,-,ひゃくたけ,ともかね,1538年,1553年,1584年,47,-,所領拡大,奮闘,強撃,全軍突撃,才覚,6,-,百武賢兼,龍造寺家臣。龍造寺四天王の１人。今山合戦などで活躍し、武勇百人にまさると主君・隆信から百武姓を賜る。沖田畷合戦の際は隆信の身辺を守り、戦死した。,0,0,0
有馬,晴信,50,57,42,63,51,107,114,263,有馬義貞,ありま,はるのぶ,1567年,1576年,1612年,46,-,家名存続,死兵,万全,囮挑発,家名,10,-,有馬晴信,肥前の豪族。日野江城主。義貞の次男。兄・義純の死後、家督相続。島津家と結び勢力の回復をはかる。のち岡本大八事件を起こし、甲斐で斬罪に処せられた。,1,0,0
赤星,統家,38,63,47,55,49,101,104,252,赤星親家,あかほし,むねいえ,1530年,1545年,1619年,90,-,領地保全,突撃,速攻,全軍突撃,家名,7,-,赤星統家,龍造寺家臣。肥後隈府城主。親家の子。主君・隆信から去就を疑われて人質を殺されたため、島津家に属す。豊臣秀吉の九州征伐後も居城を回復できなかった。,1,0,0
城,親基,57,56,42,41,39,113,80,235,城親冬,じょう,ちかもと,1543年,1558年,1592年,50,-,領地保全,用心,斥候,神出鬼没,家名,5,-,城親基,島津家臣。肥後隈本城主。親冬の次男。龍造寺軍を破るなど活躍したが、豊臣秀吉の九州征伐軍に降り、所領を安堵される。肥後国人一揆には関与しなかった。,1,0,0
岡本,頼氏,60,69,42,39,37,129,76,247,-,おかもと,よりうじ,1537年,1552年,1606年,70,-,家名存続,突撃,速攻,全軍突撃,勲功,7,-,岡本頼氏,相良家臣。初陣以来１９度の合戦で戦功を立てる。薩摩大口合戦では島津家臣・川上久朗を討った。のちに相良家中の軍忠覚書「岡本頼氏戦場日記」を著した。,0,0,0
丸目,長恵,39,80,30,44,30,119,74,223,-,まるめ,ながよし,1540年,1555年,1629年,90,-,所領拡大,奥義一閃,野襲,全軍突撃,芸道,11,-,丸目長恵,相良家臣。上泉信綱に剣術を学び、新陰タイ捨流を開いた。島津軍との戦いで敗因を作り、一時逼塞。のちに復帰して兵法師範を務め、開墾事業にも従事した。,0,0,0
伊東,義祐,64,56,47,64,55,120,119,286,-,いとう,よしすけ,1512年,1527年,1585年,74,-,領地保全,気勢崩し,堅固,囮挑発,勲功,11,-,伊東義祐,日向の戦国大名。伊東家最大の版図を築くが、木崎原合戦で島津軍に敗れ衰退。豊後の大友宗麟を頼るが、大友軍が耳川合戦で大敗したあとは各地を流浪した。,0,0,0
猿渡,信光,51,62,43,35,34,113,69,225,-,さるわたり,のぶみつ,1534年,1549年,1587年,54,-,所領拡大,突撃,速攻,全軍突撃,家名,8,-,猿渡信光,島津家臣。沖田畷合戦に従軍して龍造寺軍を破るなど、主に肥前・肥後方面で戦功を立てた。のちに豊臣秀吉の九州征伐軍と根白坂で戦うが敗北し、戦死した。,0,0,0
島津,義虎,50,64,40,60,47,114,107,261,島津実久,しまづ,よしとら,1536年,1551年,1585年,50,-,所領拡大,突撃,速攻,全軍突撃,家名,5,-,島津義虎,島津家臣。薩摩出水領主。実久の嫡男。相良家攻めの際は先鋒を務め、相良義陽を降伏させる。のち沖田畷合戦にも従軍するなど、肥後・肥前方面で活躍した。,1,0,0
蠣崎,基広,56,58,47,51,47,114,98,259,蠣崎高広,かきざき,もとひろ,1501年,1516年,1548年,48,-,領地保全,足止め,回避,神出鬼没,勲功,14,-,蠣崎基広,蠣崎家臣。高広（光広の次男）の子。光広の子ともいう。父の死後家督を継ぎ、勝山館主となった。のちに謀叛を起こし従兄弟・季広と戦うが敗れ、討たれた。,1,0,0
井田,親之,44,60,46,37,37,104,74,224,-,いだ,ちかゆき,1532年,1547年,1587年,56,-,所領拡大,突撃,速攻,全軍突撃,勲功,9,-,井田親之,秋月家臣。左馬助と称す。大友軍に子・親氏を討たれた際、仏壇の柱に和歌一首を書き付けて、子の霊に手向けた。のちに、とある戦で先陣を務め、戦死した。,0,0,0
遠藤,盛胤,70,70,41,29,29,140,58,239,-,えんどう,もりたね,1555年,1570年,1605年,51,-,家名存続,突撃,速攻,全軍突撃,勲功,8,-,遠藤盛胤,二階堂家臣。但馬と称す。主家滅亡の際に捕らえられ、伊達家に属す。武勇に秀で、関ヶ原合戦では松川菱の旗を背に奮戦し、敵味方双方から賞賛を浴びた。,0,0,0
川島,宗泰,24,64,37,62,46,88,108,233,-,かわしま,むねやす,1567年,1582年,1616年,50,-,所領拡大,突撃,速攻,全軍突撃,実利,9,-,川島宗泰,二階堂家臣。主家滅亡後は伊達家に仕える。葛西・大崎一揆の際は満身創痍となりながらも退かなかったという。のちに仙台城や江戸城外濠の普請を担当した。,0,0,0
小田辺,勝成,45,71,32,26,25,116,51,199,-,こたべ,かつなり,1560年,1575年,1619年,60,-,領地保全,早駆け,猛攻,本陣斬込,勲功,9,-,小田辺勝成,二本松畠山家臣。騎戦に長け、単騎で敵陣を破ること多く、乗込大学の異名をとる。主家滅亡後は浪人生活を経て伊達家に仕え、武頭役として３百石を領した。,0,0,0
黒沢,道家,45,67,40,64,50,112,114,266,-,くろさわ,みちいえ,1567年,1582年,1623年,57,-,家名存続,突撃,速攻,全軍突撃,才覚,5,-,黒沢道家,小野寺家臣。黒沢城主。有屋峠合戦などで活躍した。主家改易後は佐竹家に仕え一揆の鎮圧や新田開発に携わった。大坂の陣では旗頭として従軍し、活躍した。,0,0,0
中山,照守,55,62,33,29,27,117,56,206,中山家範,なかやま,てるもり,1570年,1585年,1634年,65,-,所領拡大,早駆け,猛攻,本陣斬込,勲功,8,-,中山照守,北条家臣。家範の子。主家滅亡後は徳川家康に仕える。関ヶ原合戦や大坂の陣に従軍し、のちに槍奉行となった。馬術の達人で、高麗八条流の奥義をきわめた。,1,0,0
大野,治房,56,63,46,51,46,119,97,262,大野佐渡守,おおの,はるふさ,1572年,1587年,1615年,44,-,家名存続,用心,斥候,神出鬼没,実利,6,-,大野治房,豊臣家臣。治長の弟。大坂の陣の際は、主戦派の中心人物の一人となる。大坂落城後、国松丸（主君・秀頼の子）を擁して脱出するが、捕らわれて斬首された。,1,0,0
上泉,泰綱,59,68,35,29,27,127,56,218,上泉秀胤,かみいずみ,やすつな,1552年,1567年,1600年,49,-,家名存続,突撃,速攻,全軍突撃,芸道,5,-,上泉泰綱,新陰流の創始者・上泉信綱の孫。関ヶ原合戦の直前、上杉景勝の浪人徴募に応じ直江兼続の指揮下に属した。出羽長谷堂城における最上軍との戦いで戦死した。,1,0,0
福島,高晴,68,63,43,41,39,131,80,254,福島正信,ふくしま,たかはる,1573年,1588年,1633年,61,-,領地保全,用心,斥候,神出鬼没,家名,11,-,福島高晴,豊臣家臣。正則の弟。関ヶ原の戦いでは東軍に属して伊勢桑名城を攻め、戦後、大和松山３万石を領す。大坂の陣の際、豊臣方への内通を疑われて改易された。,1,0,0
柳生,宗章,35,70,39,51,42,105,93,237,柳生石舟斎,やぎゅう,むねあき,1566年,1581年,1603年,38,-,所領拡大,奥義一閃,野襲,全軍突撃,芸道,5,-,柳生宗章,宗厳の四男。中村家家老・横田村詮の客将。村詮が讒言により誅殺されると、遺臣とともに中村一忠に反抗。吹雪の中、１８人を斬り倒す奮戦の末、討死した。,1,0,0
東郷,重位,35,80,38,32,29,115,61,214,-,とうごう,しげただ,1561年,1576年,1643年,83,-,家名存続,奥義一閃,野襲,全軍突撃,芸道,7,-,東郷重位,島津家臣。島津義久に従い京に上洛した際に、天寧寺の善吉和尚から剣術を学び薩摩自顕流（示現流）を創始した。のち島津家久の剣術指南役を務めた。,0,0,0
大浦,政信,43,63,45,38,37,106,75,226,-,おおうら,まさのぶ,1497年,1512年,1541年,45,-,家名存続,死兵,復帰,全軍突撃,実利,8,-,大浦政信,南部家臣。大浦城主。わがままで家臣に信望がなかった。和徳城攻めで戦死したが、味方はその事実を知らずに退却、帰城後に初めて主君不在を知ったという。,0,0,0
川原,具信,60,61,43,68,56,121,124,288,浪岡具永,かわはら,とものぶ,1503年,1518年,1562年,60,-,所領拡大,用心,斥候,神出鬼没,実利,12,-,川原具信,浪岡北畠家臣。具永の子。断絶していた川原御所を継ぐ。「津軽郡中名字」を編纂した。のちに甥・具運と対立して具運を討つが、具運の弟・顕範に討たれた。,1,0,0
和賀,義勝,57,58,47,61,53,115,114,276,-,わが,よしかつ,1507年,1522年,1575年,69,-,家名存続,急襲,復帰,囮挑発,家名,7,-,和賀義勝,陸奥の豪族。和賀家は源頼朝の庶子・忠頼を祖とするという。外からは南部家の圧迫を受け、国内では一族をはじめとした諸氏の統制に苦しんだという。,0,0,0
草野,直清,54,61,36,42,35,115,77,228,-,くさの,なおきよ,1514年,1529年,1563年,50,-,領地保全,突撃,速攻,全軍突撃,家名,7,-,草野直清,相馬家臣。顕胤に仕え、中村城代を務めていた。中村城は８０１年に坂上田村麻呂が菅原実敬に命じて築かせたという。その後は中村家が代々居城としていた。,0,0,0
林崎,甚助,55,71,39,24,25,126,49,214,-,はやしざき,じんすけ,1542年,1557年,1621年,80,-,領地保全,奥義一閃,野襲,全軍突撃,才覚,6,-,林崎甚助,居合の始祖。父を殺され、仇討ちをするため、剣術を学ぶ。あるとき、林崎明神から居合の極意を授かり、仇討ちを果たす。諸国を廻り、数多の弟子を育てた。,0,0,0
愛洲,宗通,56,71,28,25,23,127,48,203,愛洲移香斎,あいす,むねみち,1519年,1534年,1590年,72,-,家名存続,奥義一閃,野襲,全軍突撃,芸道,9,-,愛洲宗通,剣術家。元香斎と号す。影流を創始した移香斎の子。猿飛陰流を開眼し、燕飛の太刀を編み出す。佐竹義重や剣聖・上泉信綱を弟子に持った。,1,0,0
山路,正国,44,64,37,50,40,108,90,235,-,やまじ,まさくに,1546年,1561年,1583年,38,-,領地保全,突撃,速攻,全軍突撃,実利,11,-,山路正国,柴田家臣。正幽の次男。賤ヶ岳合戦では主君・勝豊とともに羽柴秀吉に属すが、のちに寝返る。佐久間盛政に中入れ作戦を進言し、自らも従軍するが戦死した。,0,0,0
楽巌寺,雅方,69,71,40,45,39,140,84,264,-,らくがんじ,まさかた,1509年,1524年,1558年,50,-,家名存続,突撃,速攻,全軍突撃,勲功,9,-,楽巌寺雅方,村上家臣。楽巌寺城主。もとは楽巌寺の僧であったという。１５４８年頃、武田信玄に居城を奪われ、砥石城に逃れる。主家の滅亡後は武田信玄に臣従した。,0,0,0
小笠原,長時,69,73,31,45,32,142,77,250,小笠原長棟,おがさわら,ながとき,1514年,1534年,1583年,70,-,所領拡大,突撃,速攻,全軍突撃,家名,9,-,小笠原長時,信濃守護。長棟の長男。武田信玄に信濃を追われ、越後・摂津・会津など諸国を流浪する。子・貞慶が家康の下で旧領に復帰するが、戻ることなく死亡した。,1,0,0
小笠原,貞種,50,62,40,39,36,112,75,227,小笠原長棟,おがさわら,さだたね,1523年,1538年,1587年,65,-,家督継承,急襲,復帰,囮挑発,家名,9,-,小笠原貞種,小笠原家臣。長時の弟。諸国を流浪したあと、上杉景勝の後援で深志城を奪還。しかし、甥・貞慶が徳川家康の助力を得て信濃に入国すると、城を明け渡した。,1,0,0
富樫,晴貞,52,58,47,57,51,110,108,265,-,とがし,はるさだ,1516年,1531年,1570年,55,-,家名存続,突撃,速攻,全軍突撃,家名,6,-,富樫晴貞,野々市城主。稙泰の子。父が享徳の錯乱により能登に逃れたあと、家督を継ぐ。織田信長の越前侵攻軍に通じたため、一揆勢に居城を攻撃され敗北、自害した。,0,0,0
湯浅,隆貞,37,74,43,64,52,111,116,270,-,ゆあさ,たかさだ,1560年,1575年,1600年,41,-,家名存続,突撃,速攻,全軍突撃,家名,4,-,湯浅隆貞,大谷家臣。関ヶ原合戦で吉継の自害を介錯する。吉継の首級を埋めたが敵の藤堂高刑に見つかり、主の首の場所の秘匿を高刑に願って、自らの首を差し出した。,0,0,0
柳生,家厳,66,74,41,56,46,140,102,283,-,やぎゅう,いえよし,1497年,1512年,1585年,89,-,家名存続,急襲,猛攻,全軍突撃,芸道,7,-,柳生家厳,大和の豪族。剣豪・宗厳の父。筒井順昭に攻められて、筒井家に属した。三好家の松永久秀が大和国に進出すると、三好方に寝返って筒井家と戦った。,0,0,0
越智,家増,53,70,38,35,31,123,66,227,-,おち,いえます,1519年,1534年,1577年,59,-,領地保全,突撃,速攻,全軍突撃,勲功,7,-,越智家増,大和の国人。家増は大和の国衆で、家栄の三男。家広の弟という。はじめ楢原姓を名乗った。市尾深介に命じて甥・家高を謀殺し、越智家の惣領となった。,0,0,0
有馬,重則,50,71,34,34,28,121,62,217,-,ありま,しげのり,1513年,1528年,1567年,55,-,領地保全,突撃,速攻,全軍突撃,才覚,8,-,有馬重則,播磨の豪族。はじめ摂津有馬郡に住んだが、のちに播磨に移った。有馬家は、有馬郡の地頭職に任ぜられた赤松義祐を始祖とする、赤松家の庶流である。,0,0,0
浦上,政宗,51,60,46,45,42,111,87,244,浦上村宗,うらがみ,まさむね,1525年,1531年,1564年,40,-,所領拡大,臨戦,万全,囮挑発,家名,7,-,浦上政宗,赤松家臣。室津城主。子・清宗に黒田職隆の娘を娶らせ、職隆の主君・小寺政職との連携強化を企むが、婚礼当日に赤松政秀に襲われ、清宗とともに戦死した。,1,0,0
杉,重矩,52,57,47,61,53,109,114,270,-,すぎ,しげのり,1498年,1513年,1551年,54,-,家名存続,突撃,速攻,全軍突撃,家名,9,-,杉重矩,大内家臣。豊前守護代を務めた。はじめ陶晴賢と対立するが、晴賢の謀叛に同調し、主君・義隆を自害させた。のち再び晴賢と対立して敗れ、長門で自害した。,0,0,0
和田,通興,48,57,45,53,47,105,100,250,-,わだ,みちおき,1505年,1520年,1554年,50,-,領地保全,突撃,速攻,全軍突撃,家名,12,-,和田通興,河野家臣。岩伽羅城主。次第に勢力を拡大して主家に従わなくなったため、平岡房実率いる追討軍に攻められる。居城を落とされて山之内に敗走し、自害した。,0,0,0
宇都宮,豊綱,60,63,43,48,43,123,91,257,宇都宮清綱,うつのみや,とよつな,1519年,1534年,1585年,67,-,家名存続,突撃,速攻,全軍突撃,家名,11,-,宇都宮豊綱,伊予の豪族。地蔵嶽城主。土佐一条家と結んだ。飛鳥城の戦いで西園寺公高を討つなど勢威を振るうが、鳥坂峠合戦で河野・毛利連合軍に敗れ、以後衰退した。,1,0,0
宇都宮,房綱,55,57,35,56,42,112,98,245,宇都宮清綱,うつのみや,ふさつな,1506年,1521年,1573年,68,-,家名存続,突撃,速攻,全軍突撃,勲功,8,-,宇都宮房綱,西園寺家臣。萩森城主。伊予宇都宮家の一族という。近隣の元城主・摂津親宣と領地問題で何度も争った。西園寺十五将の１人に数えられ、萩森殿と呼ばれた。,1,0,0
菊池,義武,34,56,37,45,37,90,82,209,大友義長,きくち,よしたけ,1505年,1520年,1554年,50,-,所領拡大,突撃,速攻,全軍突撃,実利,8,-,菊池義武,大友義長の次男。肥後の名家・菊池家を継ぐ。大内家と結んで兄・義鑑と戦うが敗れた。のちに、大友家の家督を継いだ甥・宗麟の謀略によって討たれた。,1,0,0
蒲生,範清,54,67,41,35,33,121,68,230,-,かもう,のりきよ,1524年,1539年,1574年,51,-,家名存続,死兵,斥候,全軍突撃,家名,7,-,蒲生範清,大隅の豪族。島津家と争い、岩剣城に義久・義弘・歳久３兄弟が攻め寄せると、日本初となる鉄砲同士による合戦を行った。のちに島津家に降伏した。,0,0,0
禰寝,清年,61,64,44,52,46,125,98,267,-,ねじめ,きよとし,1510年,1525年,1559年,50,-,所領拡大,急襲,猛攻,全軍突撃,勲功,8,-,禰寝清年,禰寝家１５代当主。根占領主。肝付兼続らとともに島津勝久と島津忠良の間を仲裁するが、失敗。のちに兼続から大隅高隈城を譲られるが、やがて奪回された。,0,0,0
田村,友顕,48,58,30,31,26,106,57,193,田村隆顕,たむら,ともあき,1528年,1543年,1584年,57,-,家名存続,突撃,速攻,全軍突撃,勲功,7,-,田村友顕,田村家臣。隆顕の子。１５８４年８月、兄・清顕に従って出陣し、大内定綱と戦うが敗れ、戦死した。子・宗顕はのちに田村家の家督を継いだ。,1,0,0
小国,義操,68,62,41,25,26,130,51,222,-,おぐに,よしもち,1547年,1562年,1606年,60,-,所領拡大,奮闘,強撃,全軍突撃,家名,2,-,小国義操,二本松畠山家臣。伊達政宗が二本松城を攻めた際、政宗の本陣に何度か襲撃をかけるが、失敗したという。主家滅亡後は政宗の度重なる招きを断り、帰農した。,0,0,0
花輪,親行,61,66,43,44,41,127,85,255,-,はなわ,ちかゆき,1521年,1536年,1591年,71,-,領地保全,早駆け,猛攻,本陣斬込,実利,4,-,花輪親行,出羽の土豪。安東氏に誼を通じ、南部氏の支城である長牛（なごし）城を攻撃した。余りの戦闘の激しさに、城下の小川が真っ赤に染まって流れたという。,0,0,0
小野寺,義道,60,60,27,30,24,120,54,201,小野寺輝道,おのでら,よしみち,1566年,1581年,1645年,80,-,所領拡大,突撃,速攻,全軍突撃,家名,9,-,小野寺義道,小野寺家１４代当主。輝道の次男。豊臣秀吉の小田原征伐に参陣して、所領を安堵される。関ヶ原合戦では徳川家の出陣要請を無視したため、戦後改易された。,1,0,0
岡本,頼元,53,60,42,32,32,113,64,219,-,おかもと,よりもと,1556年,1570年,1624年,69,-,領地保全,最大戦速,水戦,川舟移動,勲功,7,-,岡本頼元,里見家臣。義頼の重臣として仕え、安房岡本城を拠点に里見水軍の一翼を担う。義頼の死後、岡本城火災の責任を負わされて追放されたが、のちに復帰した。,0,0,0
那須,高資,63,74,43,26,27,137,53,233,那須政資,なす,たかすけ,1520年,1535年,1551年,32,-,家名存続,急襲,猛攻,全軍突撃,家名,7,-,那須高資,下野の戦国大名。政資の嫡男。父と対立し、父と結ぶ宇都宮尚綱に攻められるが尚綱を討って撃退した。のち尚綱の子・広綱と芳賀高定の謀略に遭い横死した。,1,0,0
今川,良真,53,66,44,42,40,119,82,245,今川氏親,いまがわ,よしざね,1517年,1532年,1536年,20,-,家督継承,死兵,復帰,全軍突撃,勲功,15,-,今川良真,今川氏親の子。法名・玄広恵探。８代当主・氏輝死後の家督争いで起こった花倉の乱で、梅岳承芳（今川義元）と戦ったが、敗れて自害した。,1,0,0
鈴木,重好,46,61,42,57,47,107,104,253,鈴木重時,すずき,しげよし,1548年,1563年,1635年,88,-,所領拡大,突撃,速攻,全軍突撃,家名,4,-,鈴木重好,徳川家臣。武田の遠州侵攻により居城を失う。のち井伊直政付きとなり、小牧・長久手の戦いなどで活躍した。晩年は秀忠の命で水戸に移り、家老を務めた。,1,0,0
奥平,貞治,46,66,41,66,52,112,118,271,奥平貞勝,おくだいら,さだはる,1540年,1555年,1600年,61,-,家名存続,突撃,速攻,全軍突撃,家名,3,-,奥平貞治,貞能の弟。徳川家臣として長篠合戦などに参戦。関ヶ原の戦いでは小早川秀秋の監視役となり、秀秋と共に西軍の大谷吉継隊と交戦、致命傷を負って陣没した。,1,0,0
生駒,利豊,46,58,41,35,34,104,69,214,-,いこま,としとよ,1575年,1590年,1670年,96,-,領地保全,突撃,速攻,全軍突撃,家名,8,-,生駒利豊,豊臣家臣。家長の子。幼少より秀次に近侍するが、秀次死後は秀吉に仕えた。関ヶ原では東軍に属し、福島正則配下として戦う。のちに松平忠吉の家臣となる。,0,0,0
桑山,一晴,57,56,40,39,36,113,75,228,桑山一重,くわやま,かずはる,1575年,1590年,1604年,30,-,領地保全,突撃,速攻,全軍突撃,家名,6,-,桑山一晴,豊臣家臣。祖父・重晴より家督を継ぐ。関ヶ原合戦が起こると、西軍についた熊野水軍・堀内氏善を攻めて城を奪い、東軍に加勢。大和に新領を加増された。,1,0,0
石川,貞清,67,56,44,56,48,123,104,271,-,いしかわ,さだきよ,1561年,1576年,1626年,66,-,家名存続,挟撃巧者,疾走,神出鬼没,家名,5,-,石川貞清,豊臣家臣。尾張犬山城主を務める。関ヶ原合戦では西軍に属して勇戦。戦後、改易されるが死は免れる。その後は剃髪して宗林と号し、京都で金融業を営んだ。,0,0,0
真田,信勝,58,65,44,38,37,123,75,242,真田昌幸,さなだ,のぶかつ,1571年,1586年,1609年,39,-,家名存続,突撃,速攻,全軍突撃,勲功,12,-,真田信勝,昌幸の四男。通称・左馬助。徳川家臣の牧野康成の娘を娶る。徳川幕府の旗本。徳川秀忠に従って京に滞在中、戸田勝興と刃傷沙汰に及び、逃亡した。,1,0,0
鎌原,幸定,58,59,47,45,43,117,88,252,真田頼昌,かんばら,ゆきさだ,1523年,1538年,1561年,39,-,家名存続,挟撃巧者,疾走,神出鬼没,家名,7,-,鎌原幸定,真田幸隆の弟。昌幸の叔父。海野家の支族である鎌原家に養子に入る。早くより武田家に臣従し、幸隆と共に先方衆の一手を担って信玄の信濃進出に貢献した。,1,0,0
椎名,長常,66,72,44,41,40,138,81,263,-,しいな,ながつね,1480年,1495年,1543年,64,-,所領拡大,奮闘,強撃,全軍突撃,家名,5,-,椎名長常,越中の豪族。兄・慶胤が長尾為景との戦いで敗死したため、家督を継ぐ。のちに為景に降り、新川郡守護代となった為景の又守護代となり、新川郡を支配した。,0,0,0
富田,長繁,40,62,29,24,24,102,48,179,-,とみた,ながしげ,1551年,1566年,1574年,24,-,所領拡大,突撃,速攻,全軍突撃,才覚,10,-,富田長繁,朝倉家臣。主家滅亡後は織田家に仕え、長島一向一揆の討伐戦で功を立てた。のちに織田家での待遇に不満を持って謀叛を起こすが、味方に撃たれて死去した。,0,0,0
高田,吉次,56,69,28,23,22,125,45,198,-,たかだ,よしつぐ,1589年,1604年,1671年,83,-,所領拡大,奥義一閃,野襲,全軍突撃,芸道,10,-,高田吉次,高田流槍術の祖。宝蔵院胤栄に槍術を学んだ。大坂の陣で豊臣方に加わったため浪人となり、江戸で道場を開いた。のちに豊前小倉藩主・小笠原忠政に仕えた。,0,0,0
細川,興元,55,62,45,49,44,117,93,255,細川藤孝,ほそかわ,おきもと,1566年,1581年,1619年,54,-,家名存続,奮闘,強撃,全軍突撃,勲功,10,-,細川興元,藤孝の次男。信長に従って松永久秀と戦ったほか、小田原征伐や関ヶ原でも戦功があった。のち兄・忠興と対立し京に隠棲するが、徳川秀忠より呼び戻された。,1,0,0
菅,達長,57,69,46,29,32,126,61,233,-,かん,みちなが,1555年,1570年,1614年,60,-,家名存続,最大戦速,水戦,川舟移動,才覚,10,-,菅達長,豊臣家臣。もとは淡路の土豪で、毛利・長宗我部らに従い織田・豊臣と戦った。四国征伐後は豊臣に属し、水軍衆として九州征伐や小田原征伐で活躍した。,0,0,0
尼子,久幸,79,67,45,50,44,146,94,285,-,あまご,ひさゆき,1473年,1488年,1541年,69,-,領地保全,奮闘,強撃,全軍突撃,勲功,1,-,尼子久幸,尼子家臣。主君・晴久（兄・経久の孫）の安芸侵攻策に反対し「臆病野州」と非難される。結局尼子軍は大敗、退却軍の殿軍を受け持ち、奮戦したが戦死した。,0,0,0
渡辺,通,76,76,43,30,31,152,61,256,-,わたなべ,とおる,1511年,1526年,1543年,33,-,家名存続,奮闘,強撃,全軍突撃,才覚,2,-,渡辺通,毛利家臣。相合元綱の擁立を企んで殺された勝の子。大内義隆が出雲遠征で大敗した際、殿軍を受け持つ主君・元就を救い、郎党とともに壮絶な戦死を遂げた。,0,0,0
吉川,興経,55,77,43,22,25,132,47,222,-,きっかわ,おきつね,1508年,1522年,1550年,43,-,所領拡大,死兵,復帰,全軍突撃,勲功,15,-,吉川興経,安芸の豪族。尼子家と大内家の間で裏切りを繰り返し、家中の分裂を招く。毛利元就から次男・元春を養嗣子として送り込まれ、その直後に殺された。,0,0,0
祖母井,之照,64,67,45,35,35,131,70,246,-,うばがい,ゆきてる,1536年,1551年,1585年,50,-,所領拡大,死兵,復帰,全軍突撃,家名,8,-,祖母井之照,伊予宇都宮家臣。祖母井城主。大野直守の夜襲により居城が落城し、愛馬の首をはねて自害した。以後、命日になると之照の霊を乗せた首なし馬が走るという。,0,0,0
長宗我部,親吉,67,64,46,55,48,131,103,280,長宗我部兼序,ちょうそかべ,ちかよし,1506年,1521年,1585年,80,-,所領拡大,挟撃巧者,地利,神出鬼没,勲功,4,-,長宗我部親吉,兼序の子。父の死後、兄の国親に従い長宗我部家の再興に尽力。さらに甥の元親を支えて四国統一に貢献した。秀吉による四国征伐の際は阿波を守ったが敗退。,1,0,0
江村,親俊,68,63,41,35,34,131,69,241,江村親家,えむら,ちかとし,1547年,1562年,1596年,50,-,領地保全,急襲,猛攻,全軍突撃,家名,4,-,江村親俊,長宗我部家臣。親家の子。津野親忠が豊臣秀吉の人質となった際は、親忠に従って伏見へ赴いた。朝鮮派兵では渡海し、晋州城攻撃戦に参加して戦功を立てた。,1,0,0
井田,親氏,58,65,32,29,26,123,55,210,井田親之,いだ,ちかうじ,1562年,1577年,1581年,20,-,所領拡大,急襲,猛攻,全軍突撃,勲功,7,-,井田親氏,秋月家臣。親之の子。早くから武勇の誉れが高かったという。大友家との合戦で総大将に任じられ勇躍出陣するが、敵を深追いして伏兵に襲撃され、戦死した。,1,0,0
江上,家種,76,73,28,26,23,149,49,226,龍造寺隆信,えがみ,いえたね,1558年,1573年,1593年,36,江上武種,家名存続,奮闘,強撃,全軍突撃,勲功,5,-,江上家種,龍造寺家臣。龍造寺隆信の次男。江上家の家督を継ぐ。「当世無双の大力」と評された勇将で、各地の合戦で活躍した。朝鮮派兵に従軍するが釜山で死去した。,1,0,0
高木,鑑房,64,67,36,25,25,131,50,217,-,たかぎ,あきふさ,1504年,1519年,1554年,51,-,所領拡大,死兵,復帰,全軍突撃,勲功,9,-,高木鑑房,龍造寺家臣。龍造寺隆信の家督相続に反対した、東肥前十九将の１人。隆信の肥前復帰の際に討たれた。斬られた際、頭が無い状態で従者の首を斬ったという。,0,0,0
龍造寺,家純,67,63,43,55,47,130,102,275,龍造寺家兼,りゅうぞうじ,いえずみ,1479年,1494年,1545年,67,-,所領拡大,突撃,速攻,全軍突撃,家名,5,-,龍造寺家純,少弐家臣。家兼の子。父が馬場頼周の策謀によって筑後に退去した際、弟・家門や三男・純家とともに筑前に赴くが、途中で神代勝利軍に攻められ、敗死した。,1,0,0
龍造寺,周家,63,58,44,51,45,121,96,261,龍造寺家純,りゅうぞうじ,ちかいえ,1504年,1519年,1545年,42,-,家督継承,突撃,速攻,全軍突撃,家名,4,-,龍造寺周家,少弐家臣。家純の子。祖父・家兼が馬場頼周に騙されて筑後に退去した際、弟・頼純らと謝罪使として少弐冬尚を訪ねるが、途中で馬場軍に攻められ敗死した。,1,0,0
朝長,前安,66,66,38,59,46,132,105,275,-,ともなが,さきやす,1578年,1593年,1635年,58,-,家名存続,急襲,復帰,囮挑発,家名,5,-,朝長前安,大村家臣。純盛（純利の甥）の子。朝鮮派兵では平壌から撤退する日本軍の殿軍を務める主君・喜前に従い、抜群の戦功を立てた。のち江戸で外交を担当した。,0,0,0
稲津,重政,62,71,30,26,24,133,50,213,-,いなづ,しげまさ,1574年,1589年,1602年,29,-,所領拡大,死兵,復帰,全軍突撃,勲功,14,-,稲津重政,伊東家臣。清武城主。関ヶ原合戦では西軍方の宮崎城を落とす。戦後、幕命による宮崎城返還を拒否。主君・祐慶の自害命令も拒否して居城に籠城、敗死した。,0,0,0
荒武,宗幸,63,69,44,41,40,132,81,257,-,あらたけ,むねゆき,1486年,1501年,1549年,64,-,領地保全,死兵,復帰,全軍突撃,家名,8,-,荒武宗幸,伊東家近習。１５４９年、伊東・島津両軍が対峙する中で、節句が祝われた。このとき島津方の中馬武蔵との相撲に勝ちを収め、武蔵の首を得たという。,0,0,0
入来院,重時,50,61,40,34,32,111,66,217,島津以久,いりきいん,しげとき,1570年,1585年,1600年,31,-,家名存続,突撃,速攻,全軍突撃,家名,3,-,入来院重時,島津家臣。実父は島津以久。重豊の養子となり義弘に属して活躍する。関ヶ原合戦後、撤退する義弘とはぐれてしまい、東軍に捕縛され討ち取られた。,1,0,0
島津,忠広,58,65,47,39,39,123,78,248,-,しまづ,ただひろ,1482年,1497年,1551年,70,-,所領拡大,急襲,復帰,囮挑発,勲功,8,-,島津忠広,島津家臣。忠朝の子。右馬頭と称す。飫肥城主。領地を接する伊東義祐の侵攻をたびたび受けるが、その都度撃退し、日向における島津家の所領を守り抜いた。,0,0,0
奥平,忠昌,52,65,44,48,43,117,91,252,奥平家昌,おくだいら,ただまさ,1608年,1614年,1668年,61,-,領地保全,急襲,復帰,囮挑発,家名,5,-,奥平忠昌,家昌の嫡男。父の急死後、７歳で家督を相続し、下野宇都宮藩２代藩主となる。のち下総古河に加増転封されるが、宇都宮釣天井事件後、宇都宮に再封された。,1,0,0
日根野,吉明,47,62,40,44,39,109,83,232,日根野高吉,ひねの,よしあき,1587年,1602年,1656年,70,-,所領拡大,奮闘,強撃,全軍突撃,家名,6,-,日根野吉明,徳川家臣。弘就の孫。関ヶ原合戦では真田昌幸に備えた。大坂の陣、日光東照宮造営の功で豊後府内２万石に加増され、初瀬井路開削など灌漑事業に従事した。,1,0,0
本多,忠純,29,68,29,34,26,97,60,186,本多正信,ほんだ,ただずみ,1586年,1601年,1632年,47,-,所領拡大,突撃,速攻,全軍突撃,実利,8,-,本多忠純,徳川家臣。正信の三男。大坂の陣で活躍するも、毛利勝永と戦い敗走している。粗暴で家臣を虐待し、ささいなことで殺したため、ついには家臣に暗殺された。,1,0,0
鳥居,成次,63,60,42,50,43,123,93,258,鳥居元忠,とりい,なりつぐ,1570年,1585年,1631年,62,-,家名存続,急襲,復帰,囮挑発,家名,2,-,鳥居成次,徳川家臣。元忠の三男。伏見城で父を西軍に攻め殺されていたが、関ヶ原合戦後父の仇である石田三成を預けられた時に丁重に遇し、三成を感じ入らせた。,1,0,0
諏訪,忠恒,52,60,38,49,41,112,90,240,諏訪頼水,すわ,ただつね,1595年,1607年,1657年,63,-,家名存続,臨戦,万全,囮挑発,家名,4,-,諏訪忠恒,徳川家臣。頼水の長男。大坂夏の陣に出馬し、榊原康勝に属して若江の戦い、天王寺の戦いで活躍。父の隠居により信濃諏訪藩を継ぎ、新田開発に努めた。,1,0,0
松平,定行,51,64,43,67,54,115,121,279,松平定勝,まつだいら,さだゆき,1587年,1602年,1668年,82,-,領地保全,急襲,復帰,囮挑発,勲功,4,-,松平定行,徳川家臣。徳川家康の異父弟・定勝の次男。伊予松山藩主として一門初の四国入りをし外様大名の抑えとなった。長崎で南蛮菓子に感動し、タルトを伝えた。,1,0,0
水野,分長,61,71,43,35,35,132,70,245,水野忠分,みずの,わけなが,1562年,1577年,1623年,62,-,家名存続,突撃,速攻,全軍突撃,勲功,6,-,水野分長,徳川家臣。忠政の孫。重央の兄。小牧長久手合戦や小田原征伐に出陣。徳川家康の命で蒲生氏郷に属し九戸政実の乱鎮圧に活躍した。のち帰参し大番頭となる。,1,0,0
土方,雄氏,38,64,36,40,34,102,74,212,土方雄久,ひじかた,かつうじ,1583年,1594年,1638年,56,-,所領拡大,突撃,速攻,全軍突撃,勲功,7,-,土方雄氏,徳川家臣。はじめ豊臣家に仕えた。関ヶ原合戦前夜、父・雄久に徳川家康暗殺を計画した容疑がかかり連座。のち許され徳川家に仕え、菰野藩を立藩した。,1,0,0
稲葉,紀通,37,68,28,27,24,105,51,184,稲葉道通,いなば,のりみち,1603年,1607年,1648年,46,-,所領拡大,臥薪嘗胆,奪力,本陣斬込,芸道,10,-,稲葉紀通,徳川家臣。道通の子。大坂の陣で初陣。残虐無道で狩りで獲物が獲れなかった腹いせに領民を大量虐殺するなどしたという。のち謀反の疑いがかかり自害した。,1,0,0
谷,衛友,62,75,45,32,34,137,66,248,-,たに,もりとも,1563年,1578年,1628年,66,-,所領拡大,奮闘,猛攻,全軍突撃,勲功,8,-,谷衛友,豊臣家臣。小田原征伐など主な戦いに従軍した。関ヶ原合戦では、西軍に属して小野木公郷とともに行動するが、東軍に寝返り、本領を安堵された。,0,0,0
桑山,一直,39,63,45,49,44,102,93,240,桑山一重,くわやま,かずなお,1578年,1593年,1636年,59,-,家名存続,突撃,速攻,全軍突撃,勲功,7,-,桑山一直,徳川家臣。一晴の弟。関ヶ原合戦では本多忠勝に属して大谷吉継と戦い、大坂夏の陣でも活躍し加増を約束されたが、旗本の喧嘩に巻き込まれ、閉門となった。,1,0,0
毛利,秀就,51,68,35,35,29,119,64,218,毛利輝元,もうり,ひでなり,1591年,1599年,1651年,61,-,天下統一,突撃,速攻,全軍突撃,勲功,10,-,毛利秀就,輝元の長男。関ヶ原合戦後に家督相続。初代萩藩主となる。結城秀康の娘を娶り大坂の陣には関東方として出陣した。遊興飲酒を好み、義兄・秀元と対立した。,1,0,0
堀尾,忠晴,58,71,43,34,34,129,68,240,堀尾忠氏,ほりお,ただはる,1599年,1604年,1633年,35,-,領地保全,早駆け,猛攻,本陣斬込,勲功,8,-,堀尾忠晴,忠氏の長男。父が早世し幼くして家督を継ぎ祖父・吉晴の後見を受けた。大坂冬の陣で活躍したが軍法違反に問われた時見事に切り返して周囲を感心させた。,1,0,0
加藤,明成,51,73,34,32,28,124,60,218,加藤嘉明,かとう,あきなり,1592年,1607年,1661年,70,-,所領拡大,突撃,速攻,全軍突撃,実利,10,-,加藤明成,嘉明の嫡男。父の死後、陸奥会津４０万石を相続。若松城天守閣を改修した。一歩金を好み一歩殿と呼ばれた。家老と対立し会津騒動を起こし、改易された。,1,0,0
青木,一重,54,62,44,49,43,116,92,252,-,あおき,かずしげ,1551年,1566年,1628年,78,-,家名存続,奮闘,強撃,全軍突撃,家名,4,-,青木一重,はじめ今川家、次いで徳川家に仕え、姉川の戦いで活躍。後に出奔。丹羽長秀、豊臣秀吉・秀頼に仕え、七手組組頭となる。大坂の陣の後、徳川家に帰参した。,0,0,0
堀,利重,49,72,46,36,37,121,73,240,堀秀重,ほり,とししげ,1581年,1596年,1638年,58,-,領地保全,奮闘,強撃,全軍突撃,勲功,8,-,堀利重,秀政の弟。徳川秀忠に仕えた。関ヶ原合戦では上田城攻めに奮戦。のち大久保忠隣失脚に連座して改易されるが、大坂の陣で活躍。罪を許され、大名となった。,1,0,0
戸沢,政房,43,74,43,34,34,117,68,228,-,とざわ,まさふさ,1560年,1575年,1633年,74,-,所領拡大,急襲,猛攻,全軍突撃,家名,7,-,戸沢政房,戸沢家臣。南部家出身という。九戸の乱で主君・光盛に従って出陣し奮戦。豊臣秀次の目にとまり、大坂に召し出されるが、秀次事件により帰国した。,0,0,0
小浜,景隆,58,65,47,39,39,123,78,248,-,おはま,かげたか,1540年,1555年,1597年,58,-,家名存続,最大戦速,水戦,川舟移動,実利,8,-,小浜景隆,志摩海賊衆。伊勢北畠家に属す。九鬼嘉隆に敗れ志摩を追われ、武田信玄に招かれて武田家の船大将となる。武田家滅亡後は徳川家に仕え、船手大将を務めた。,0,0,0
南部,無右衛門,38,71,30,23,23,109,46,185,-,なんぶ,ぶえもん,1568年,1583年,1638年,71,-,所領拡大,突撃,速攻,全軍突撃,勲功,6,-,南部無右衛門,丹羽家臣。加藤清正などに仕えた傍若無人な武辺者。浅井畷の戦いで突出し危機に陥った江口正吉を永原松雲が見捨てる中、単身救出し、形勢を逆転させた。,0,0,0
安田,作兵衛,41,68,34,25,25,109,50,193,-,やすだ,さくべえ,1556年,1571年,1597年,42,-,家名存続,奮闘,猛攻,全軍突撃,勲功,8,-,安田作兵衛,明智家臣。名は国継。明智三羽烏の一。本能寺の変で森蘭丸を討ち、織田信長に一番槍をつける活躍をした。のち変名して蒲生氏郷、寺沢広高らに仕えた。,0,0,0
村田,吉次,45,76,40,43,38,121,81,242,-,むらた,よしつぐ,1565年,1580年,1621年,57,-,所領拡大,奮闘,猛攻,全軍突撃,勲功,6,-,村田吉次,黒田家臣。黒田二十四騎の一。宝蔵院流槍術の免許皆伝で武勇に優れ、朱槍を許された。一方で気性が激しく、気に食わないからと領民を虐殺したりしている。,0,0,0
吉弘,政宣,44,62,46,35,36,106,71,223,吉弘統幸,よしひろ,まさのぶ,1580年,1595年,1662年,83,-,所領拡大,突撃,速攻,全軍突撃,勲功,5,-,吉弘政宣,立花家臣。吉弘氏嫡流。統幸の子。先祖が千人斬りをし妖蜘蛛から父を守った生き剣「蜘蛛切」を主家に献上したが、怪異が次々と起きたので返却された。,1,0,0
松倉,勝家,33,62,30,23,23,95,46,171,松倉重政,まつくら,かついえ,1597年,1612年,1638年,42,-,家名存続,死兵,復帰,全軍突撃,実利,10,-,松倉勝家,重政の子。父同様キリシタンを厳しく弾圧し、また圧政を敷いて島原の乱を引き起こした。乱鎮圧後改易。切腹すら許されず、大名としては異例の斬首となる。,1,0,0
赤星,親武,45,64,45,40,40,109,80,234,赤星統家,あかぼし,ちかたけ,1571年,1586年,1615年,45,-,所領拡大,奮闘,強撃,全軍突撃,勲功,6,-,赤星親武,加藤清正家臣。統家の子。娘は加藤清正の側室。加藤十六将の一。のち清正を介して豊臣秀頼に仕え、大坂の陣で奮戦。天王寺口の戦いで討死を遂げた。,1,0,0
赤星,道重,53,61,47,28,31,114,59,220,赤星親武,あかぼし,みちしげ,1602年,1617年,1638年,37,-,領地保全,挟撃巧者,地利,神出鬼没,勲功,8,-,赤星道重,島原の乱指導者・天草十七人衆の一人。親武の子。大坂の陣で父とともに大坂城に籠城し脱出。島原の乱では原城本丸付近を守り、一騎打ちの末討死した。,1,0,0
木村,又蔵,34,75,41,29,29,109,58,208,-,きむら,またぞう,1560年,1575年,1615年,56,-,所領拡大,突撃,速攻,全軍突撃,勲功,8,-,木村又蔵,加藤清正家臣。加藤十六将の一。はじめ六角義賢に属し臆病又蔵の異名を取ったが八幡神の加護で無敵の勇士となる。清正の命で、大坂の陣で豊臣に味方した。,0,0,0
湯地,定時,42,58,31,29,26,100,55,186,-,ゆぢ,さだとき,1533年,1548年,1578年,46,-,所領拡大,臨戦,万全,囮挑発,家名,5,-,湯地定時,伊東家臣。主家の日向退去後も、日向三納城に籠城して島津家と戦う。しかし耳川合戦で大友軍大敗。勢いに乗る島津勢に居城を囲まれ、自害して果てた。,0,0,0
中馬,重方,39,76,47,36,37,115,73,235,-,ちゅうまん,しげかた,1566年,1580年,1636年,71,-,領地保全,死兵,復帰,全軍突撃,勲功,4,-,中馬重方,島津家臣。三州一の大力。島津義弘お気に入りの家臣で多くの逸話を残す。関ヶ原合戦に参陣。島津の退き口で奮戦。伊勢路退却時、義弘に馬印を捨てさせた。,0,0,0
新野,親矩,54,67,43,50,50,121,100,264,-,にいの,ちかのり,1506年,1521年,1564年,59,-,所領拡大,奮闘,猛攻,全軍突撃,勲功,8,-,新野親矩,今川家臣。井伊直虎の伯父。井伊家当主・直親が謀殺された際、子・直政を保護した。井伊家の歴史上最大の危機を救ったと評される。遠州錯乱中に討死した。,0,0,0
鈴木,重時,58,70,21,34,15,128,49,198,-,すずき,しげとき,1528年,1543年,1569年,42,-,所領拡大,突撃,速攻,全軍突撃,勲功,7,-,鈴木重時,今川家臣。井伊谷三人衆の１人。桶狭間の戦いの後、家康が独立すると娘婿・菅沼忠久の誘いを受けて徳川家に仕えた。遠江攻め中に反攻を受け、討死した。,0,0,0
朝倉,景高,42,63,28,44,36,105,80,213,朝倉貞景,あさくら,かげたか,1495年,1510年,1543年,49,-,所領拡大,死兵,復帰,全軍突撃,実利,10,-,朝倉景高,朝倉家臣。貞景の次男。兄・孝景と対立して郡司を罷免される。本願寺家と結んで打倒孝景を掲げるが実現できず、西国へ逃れた。風流人であったという。,1,0,0
浅利,定頼,49,60,45,22,33,109,55,209,浅利朝頼,あさり,さだより,1506年,1521年,1575年,70,-,所領拡大,一蓮托生,闇討,全軍突撃,勲功,10,-,浅利定頼,浅利家臣。則頼の弟。花岡城主。則頼・則祐・勝頼に仕え北の守りを任された。勝頼が安東家から独立を図った際、安東愛季と山田合戦で戦い、敗死した。,1,0,0
二宮,惟宗,33,57,22,40,31,90,71,183,-,にのみや,これむね,1515年,1530年,1575年,61,-,所領拡大,突撃,速攻,全軍突撃,勲功,7,-,二宮惟宗,一条家臣。二ノ宮城主。房資の子。四万十川の戦いで長宗我部家に寝返った小島出雲守らに居城を攻められて落城。川原谷に逃れた後、自刃したという。,0,0,0
浜田,広綱,57,70,46,33,39,127,72,245,-,はまだ,ひろつな,1523年,1538年,1592年,70,-,所領拡大,突撃,速攻,全軍突撃,勲功,14,-,浜田広綱,葛西家臣。東館城主。主家に背いて周辺豪族と争い勢力を拡大したが、劣勢に追い込まれ降伏した。この浜田兵乱は、主家・葛西家の弱体化を招いた。,0,0,0
寺崎,良次,54,61,20,30,25,115,55,190,-,てらさき,よしつぐ,1527年,1542年,1582年,56,-,所領拡大,突撃,速攻,全軍突撃,勲功,8,-,寺崎良次,葛西家臣。峠城主。金沢良通の子。寺崎時胤の養子。実家が謀叛を起こした際、良次は葛西軍に従った。後に河崎合戦で戦死した。,0,0,0
荻野,秋清,42,68,34,40,37,110,77,221,-,おぎの,あききよ,1506年,1521年,1554年,49,-,領地保全,突撃,速攻,全軍突撃,実利,9,-,荻野秋清,丹波の豪族。赤井直正の外叔父。内藤国貞が攻めてきた際、これを撃破。しかしその後、配下を見殺しにして信望を失い直正に謀殺されて、黒井城を奪われた。,0,0,0
宇野,祐清,53,74,39,50,44,127,94,260,宇野政頼,うの,すけきよ,1541年,1556年,1580年,40,-,領地保全,突撃,速攻,全軍突撃,家名,7,-,宇野祐清,赤松家臣。長水城主。政頼の子。宇野家は赤松家のもとで守護代を務めた。のち毛利家に属して織田家に対抗したが、羽柴秀吉の中国侵攻軍に敗れ、自害した。,1,0,0
弥,助,43,91,35,8,21,134,29,198,-,や,すけ,1555年,1581年,1583年,29,-,天下統一,死兵,斥候,全軍突撃,実利,10,-,弥助,モザンビーク出身。宣教師ヴァリニャーノに従って来日。信長に気に入られ、家臣となる。本能寺の変では、信忠と共に奮戦。「十人力の剛力」と評された。,0,0,0
柳生,兵庫助,42,84,43,45,44,126,89,258,-,やぎゅう,ひょうごのすけ,1579年,1594年,1650年,72,-,天下統一,奥義一閃,野襲,全軍突撃,芸道,4,-,柳生兵庫助,祖父・宗厳より一国一人の印可を受け、柳生新陰流の継承者となった。加藤清正に仕えたが、人を斬って浪人する。放浪後、尾張徳川家の剣法指南役になる。,0,0,0
柳生,十兵衛,62,87,44,15,29,149,44,237,柳生宗矩,やぎゅう,じゅうべえ,1607年,1622年,1650年,44,-,天下統一,奥義一閃,野襲,全軍突撃,芸道,4,-,柳生十兵衛,徳川家臣。宗矩の子。名は三厳。幼少時の事故で片目を失明。徳川家光の剣術指南役になるが、勘気を被り、出仕停止。以後諸国を放浪し修行に専念した。,1,0,0
督,姫,64,59,45,45,70,123,115,283,松平元康,とく,ひめ,1565年,1565年,1615年,51,-,家名存続,激励,治癒,囮挑発,勲功,2,-,督姫,徳川家康の次女。北条氏直に嫁ぐ。北条家の滅亡後は池田輝政の妻となった。輝政の先妻の子・利隆を毒入りの饅頭で殺害しようとしたという逸話が残る。,1,0,0
